creative_id,ad_id,product_id,product_category,advertiser_id,industry
71691,66210,\N,18,14681,326
90171,82421,\N,5,367,217
122032,109959,1334,2,11411,\N
209778,188507,136,2,9702,6
821396,724607,\N,5,7293,326
877468,773445,\N,5,29455,106
1683713,1458878,\N,5,14668,326
1940159,1678901,\N,5,17189,73
2087846,1803758,\N,18,44865,64
2456345,2116146,64,2,188,245
2456345,2116146,64,2,188,245
3068256,2638858,1454,2,23575,238
3592928,3093461,1261,2,10988,6
13069,14495,1400,2,768,317
15558,16946,107,2,17951,317
22013,22877,1323,2,818,319
39714,38066,129,2,18562,6
63441,58788,87,2,22885,318
96192,87644,\N,18,25260,47
155822,139702,80,2,10686,238
157180,140916,1268,2,2302,5
396652,354247,2031,2,38785,238
441462,392680,87,2,22885,318
513298,456635,1064,2,33664,242
609050,541125,129,2,25932,6
625944,555841,11119,8,20193,328
647980,575249,154,2,14002,319
738378,653169,1064,2,33664,242
769749,680028,\N,18,34503,47
1074235,942883,111,2,17284,242
1145367,1003786,\N,18,27843,47
1145367,1003786,\N,18,27843,47
1252062,1095314,129,2,20033,6
1266180,1107111,\N,18,34505,47
1416518,1235723,2065,2,25896,238
1657530,1436687,1261,2,918,6
1662244,1440744,\N,18,13732,6
1696925,1469873,\N,18,26006,47
1696925,1469873,\N,18,26006,47
2085566,1801889,129,2,42272,6
2085566,1801889,129,2,42272,6
2108551,1821340,15872,8,45025,289
2143574,1851077,129,2,42272,6
2270719,1959296,1064,2,38517,242
2369339,2042824,\N,18,14938,36
2489057,2143842,80,2,10686,238
2496722,2150246,\N,18,29097,36
2552139,2197677,111,2,52049,242
2624965,2259448,2103,2,52193,322
2785305,2394728,129,2,42272,6
2862407,2461002,\N,18,36700,36
2995416,2576212,2637,2,40936,250
3246898,2793270,\N,18,11989,21
3443654,2964754,\N,18,14681,207
3574990,3078081,128,2,16473,317
3765766,3238255,1849,2,57597,317
3766271,3238685,1849,2,57597,317
4194247,3598073,\N,18,25704,207
66009,60437,\N,18,9970,205
72533,66929,\N,18,14289,205
392052,350235,\N,18,8371,54
593522,527601,1674,2,17018,322
599128,532510,1261,2,918,6
661347,586668,36256,17,32974,\N
710859,629278,1674,2,18492,322
726940,643108,\N,18,9058,6
808612,713448,40905,17,9877,\N
825434,728308,35985,17,14186,\N
862241,760110,1786,2,39500,322
1014211,891470,\N,12,13119,302
1173863,1027874,1031,2,2336,6
1725184,1493871,2258,2,45169,322
1899318,1640307,\N,18,16764,205
2032927,1757244,38250,17,15120,\N
2073029,1791274,1786,2,36384,322
2081930,1798799,\N,8,15351,\N
2198902,1898111,2258,2,48608,322
2502798,2155455,38847,4,14498,\N
2556703,2201596,23,2,28648,319
2816845,2421620,37933,17,7516,\N
3255755,2800842,2887,2,52263,247
3386299,2914064,23,2,55248,319
3403177,2118485,\N,18,16895,205
3491821,3007026,\N,18,8371,54
3560473,3065742,1243,2,34656,322
3581615,3083678,37243,17,17151,\N
3684862,3171030,\N,18,8371,54
3696597,3180793,1873,2,31365,322
31070,30773,39422,17,13299,\N
39588,37966,1862,2,19451,238
72989,67343,2065,2,25896,238
215041,193314,40071,17,11948,\N
574787,511235,2625,2,13084,248
589886,524312,\N,18,7976,25
765502,676501,154,2,8877,319
1003974,882542,\N,18,34504,47
1150678,1008002,154,2,8877,319
1230094,1076286,39904,17,10172,\N
1457862,1270164,29,2,817,317
1706276,1477751,\N,18,14681,88
1892854,1638619,38743,17,12130,\N
1962706,1698206,41265,17,23664,\N
2189510,1890064,154,2,14002,319
2264105,1953681,37758,4,811,\N
2348342,2024723,\N,18,14682,88
2482695,2138424,154,2,14002,319
2697265,2320452,129,2,20033,6
2728508,2346644,2065,2,32762,238
2741116,2357172,1261,2,6783,6
2800679,2407560,1261,2,19056,6
2800740,2407611,1261,2,19056,6
2907196,2498920,58,2,52640,6
2928770,2517968,1334,2,29402,317
2965543,2549734,\N,7,21701,\N
3029703,2605600,\N,5,19524,295
3321332,2857491,43761,17,55259,\N
4039445,3467430,39856,17,50584,\N
24333,24966,87,2,22885,318
43235,41148,136,2,9706,6
75011,69138,\N,18,22918,319
296145,265971,\N,5,11882,297
350759,314795,\N,8,992,\N
795508,702324,\N,18,13855,54
852327,751113,\N,18,38760,322
883622,778824,\N,18,30920,322
1054434,925792,136,2,2862,6
1203465,1053290,1064,2,35549,238
1248711,1086750,\N,18,31552,322
1296456,1133781,\N,5,17745,288
1384893,1209022,\N,18,15900,28
1416283,1235536,2620,2,46940,322
1470226,1280505,\N,5,13808,203
1471015,1281171,\N,5,13808,203
1635471,1417765,136,2,2862,6
2234921,1929205,\N,18,25144,54
2255072,1946060,2510,2,41693,242
2324908,2005036,\N,18,22178,25
2326983,2006837,136,2,10315,6
2386115,2057065,\N,5,19658,109
2404279,2072059,\N,18,2615,6
2523207,2173089,\N,5,12118,220
2570929,2213812,\N,18,50331,296
2725485,2343843,\N,18,20611,296
2748493,2363763,\N,5,21185,289
3042506,2616003,136,2,13558,6
3364990,2895441,1036,2,8520,319
3552766,3059178,\N,18,25354,8
3804062,3269815,\N,18,13558,6
3849277,3307855,136,2,7540,6
4189888,3594306,\N,18,5551,319
11212,12640,\N,18,8371,54
664972,589761,8495,3,28422,183
731320,646923,\N,18,17627,54
1122285,984157,\N,18,25144,54
1122285,984157,\N,18,25144,54
1271602,1111812,643,3,7115,6
1320331,1154489,29664,3,39260,242
1346445,1176804,\N,18,20441,203
1943813,1682218,\N,18,25144,54
1991587,1722746,\N,18,28879,9
2133563,1842655,\N,18,37156,13
2145436,1852671,643,3,7115,6
2145533,1852761,643,3,7115,6
2639927,2272181,\N,18,14682,293
2851271,2451259,9359,3,1675,247
4062323,3486797,26858,3,58003,60
4266044,3659646,643,3,10925,6
7054,8466,\N,18,2421,1
126311,113724,1367,2,18234,241
409181,365156,\N,18,27144,54
411126,367016,\N,18,8921,28
648402,575608,\N,12,18103,54
1483377,1291294,87,2,22885,318
2069959,1788664,\N,5,14734,221
2634737,2267712,125,2,30481,54
2723246,2342238,\N,5,55274,6
4096991,3516020,23,2,34277,319
5275,6499,\N,18,1263,134
14993,16404,\N,18,1903,1
15155,16559,1268,2,1295,5
63726,59032,1469,2,24721,21
69876,64587,26858,3,878,60
82560,75704,2065,2,25896,238
119202,107703,\N,18,8385,6
305295,274150,\N,18,10989,6
582835,518362,2065,2,32762,238
882346,777689,\N,18,10989,6
939476,827392,1064,2,38428,242
1216557,1064574,643,3,918,6
1303157,1139332,1751,2,27955,238
1360642,1188926,146,2,38038,230
1436207,1252099,17183,8,48407,86
1442706,1257511,1469,2,42106,21
1448310,1262167,\N,5,11896,297
1732376,1500030,2400,2,40575,246
1883314,1630344,9228,3,8555,247
1900119,1644950,\N,8,49264,86
2027356,1746643,2400,2,40575,246
2177352,1879709,1261,2,6783,6
2252506,1943946,\N,5,18786,203
2359530,2034347,14416,8,41173,292
2361327,2035918,1261,2,6783,6
2361397,2035987,1261,2,6783,6
2361397,2035987,1261,2,6783,6
2362272,2036752,\N,5,25590,73
2419283,2084853,26858,3,50890,60
2741077,2357135,1261,2,6783,6
2786839,2396025,23,2,18965,319
2822758,2426739,2031,2,34428,238
3072140,2642189,1261,2,6783,6
3118295,2682951,3316,2,47104,238
3172641,2729769,80,2,10686,238
3319199,2855671,3930,13,21054,247
3320149,2856482,\N,18,21711,134
3358844,2890174,2751,2,35587,238
3514114,3026560,11092,8,33136,217
3521819,3033344,2751,2,35587,238
3673049,3161136,2262,2,54193,238
3730190,3208794,3316,2,47104,238
3813816,3278053,15140,8,43413,86
3860559,3317232,1261,2,6783,6
3861873,3318393,1261,2,6783,6
3933608,3379221,15452,8,43655,192
3971868,3411613,\N,18,14682,6
4139216,3551126,14416,8,41173,292
4289670,3679223,23888,8,60973,202
88325,80848,11372,8,24526,328
296041,265885,2031,2,23188,238
762642,674122,11702,8,21035,329
762642,674122,11702,8,21035,329
819381,722775,10907,8,11482,329
902005,794984,10908,8,11480,329
1217767,1065636,11622,8,25854,329
1217767,1065636,11622,8,25854,329
1217767,1065636,11622,8,25854,329
1537879,1336314,11702,8,21035,329
2076456,1794243,15827,8,45061,328
2171867,1874975,18328,8,22279,326
2241990,1935170,19096,8,23789,326
2270110,1958791,1261,2,42372,6
2361397,2035987,1261,2,6783,6
2729422,2347434,2031,2,20264,238
2822758,2426739,2031,2,34428,238
2822877,2426842,2031,2,34428,238
2936315,2524611,1380,2,26404,238
3042304,2616285,19692,8,21483,329
42577,40546,161,2,18230,231
69204,63976,26858,3,24952,60
71689,66208,\N,18,14681,6
71689,66208,\N,18,14681,6
81006,74359,\N,18,953,158
134938,121278,26858,3,62956,60
197464,177187,26858,3,2367,60
421621,375851,161,2,18230,231
1626693,1410336,87,2,22885,318
3331781,2866446,136,2,52604,6
32571,31960,129,2,22123,6
35568,34446,129,2,22123,6
71688,66207,\N,18,14681,6
71690,66209,\N,18,14681,6
1232816,1078468,\N,18,14681,6
1232816,1078468,\N,18,14681,6
1494599,1300248,1766,2,17442,319
2706828,2328620,1370,2,1132,319
2823222,2427148,\N,18,10990,293
3483750,3000080,\N,8,46634,291
33918,33039,129,2,21451,6
33918,33039,129,2,21451,6
33935,33052,129,2,22126,6
33935,33052,129,2,22126,6
45067,42279,129,2,22125,6
70599,65224,1769,2,13792,319
214927,193206,129,2,23742,6
1387469,1211164,\N,7,1276,\N
2166438,1870287,129,2,51727,6
2422601,2087634,\N,5,15855,291
2533390,2181674,\N,18,52446,36
2622764,2257544,41507,17,13480,\N
3199138,2752411,1380,2,23107,238
11642,13064,1128,2,15965,26
11642,13064,1128,2,15965,26
13567,14991,\N,18,17197,28
13568,14991,\N,18,17197,28
32066,31546,1305,2,13863,319
60688,56260,1862,2,28444,238
94267,85952,1769,2,13792,319
125016,112577,1469,2,28189,21
142732,128210,1036,2,8520,319
230303,206776,41655,17,30122,\N
230303,206776,41655,17,30122,\N
288333,253974,1828,2,17645,322
333570,299617,\N,18,33593,21
358055,321177,\N,18,15922,25
468194,416133,1769,2,13792,319
541592,481793,1769,2,13792,319
636934,565642,1810,2,34801,319
746898,660415,39519,17,32974,\N
793940,700966,1062,2,32594,238
889057,783622,\N,18,1148,149
1110059,973909,\N,18,17197,28
1139141,998657,1567,2,24523,6
1167109,1022036,\N,18,14681,149
1277386,1116977,35,2,12279,26
1599446,1387574,154,2,41733,319
1691027,1464833,1523,2,25,29
1712144,1482850,1862,2,31183,238
2013101,1740735,1862,2,28784,238
2147792,1854671,2400,2,38437,246
2190514,1890923,\N,18,22636,28
2278878,1966184,\N,18,53409,13
2378840,2050903,\N,18,13527,28
2574736,2217055,\N,18,19751,74
2775535,2386669,\N,18,10990,6
3224272,2774112,1244,2,24886,26
3477713,2994707,\N,18,10989,6
3590945,3091660,\N,18,10990,6
3623315,3119391,\N,18,10986,6
3729534,3208236,1249,2,23123,317
3821842,3284594,1873,2,54400,322
3838357,3298578,21998,8,37456,205
3951051,3394080,\N,18,2398,28
3999281,3434031,\N,18,60354,24
4076791,3498960,\N,18,19093,26
4157781,3567000,\N,18,47413,25
4179465,3585436,21470,8,58022,73
7139,8549,8800,3,10603,247
12112,13562,8800,3,20463,247
20049,21079,6291,3,16535,253
51695,48267,29992,3,1959,259
53070,49453,\N,18,18230,232
53070,49453,\N,18,18230,232
83505,76560,1261,2,19056,6
122550,110412,5053,3,18362,253
125666,113151,30709,3,5502,231
125666,113151,30709,3,5502,231
125666,113151,30709,3,5502,231
125666,113151,30709,3,5502,231
125666,113151,30709,3,5502,231
125666,113151,30709,3,5502,231
154864,138861,30709,3,5502,231
244842,220156,\N,18,9058,6
295581,265508,\N,18,14681,6
333762,299764,8987,3,6263,247
390704,348963,\N,18,18230,232
454067,403788,31354,3,2071,247
491847,437940,26858,3,22912,60
531505,472621,9154,3,27401,247
552088,491144,29664,3,28212,242
675360,598765,1769,2,13792,319
760792,672470,1261,2,19056,6
836111,737345,1261,2,10925,6
838585,739379,26858,3,17926,60
1073209,941974,\N,18,9058,6
1073209,941974,\N,18,9058,6
1099969,965237,26858,3,17926,60
1121206,983226,26858,3,24917,60
1135130,995209,26858,3,29869,60
1253146,1096270,\N,18,747,247
1340952,1172177,26858,3,17926,60
1489735,1295919,1261,2,10925,6
1571205,1364255,9154,3,21054,247
1727178,1495580,1261,2,19056,6
1779097,1540576,\N,18,14681,297
1831116,1585394,8518,3,41912,21
1896031,1641387,26858,3,37129,60
1922564,1663973,\N,18,35869,74
2032927,1757244,38250,17,15120,\N
2580186,2221733,\N,18,9058,6
2725574,2344190,29664,3,28212,242
2850324,2450437,39519,17,32974,\N
2915745,2506580,\N,18,14681,6
2915745,2506580,\N,18,14681,6
2979320,2562121,\N,5,14668,147
3482998,2999435,\N,18,14682,3
3674180,3162024,\N,18,747,247
3714119,3195534,\N,18,14682,6
3842420,3302077,9349,3,21079,247
4436813,3804404,8946,3,37106,247
140957,126627,34154,5,20730,294
162488,145819,26858,3,23,60
183689,164693,158,2,32996,322
494676,440366,1674,2,18558,322
519223,461776,\N,18,20748,28
613378,544836,\N,18,22775,28
637764,565767,1674,2,21599,322
650007,577019,\N,18,28135,326
1150735,1008056,\N,18,36698,36
1216557,1064574,643,3,918,6
1254286,1097154,\N,5,21524,82
1792060,1551864,9152,3,47608,248
2056403,1777264,31589,3,24863,104
2145152,1852436,1380,2,26404,238
2145152,1852436,1380,2,26404,238
2373341,2046243,\N,5,1461,217
2481132,2137110,643,3,918,6
2524263,2174003,1674,2,18023,322
2561877,2206046,1261,2,10987,6
2590241,2230269,31589,3,24863,104
2804939,2411406,643,3,918,6
3277259,2819317,\N,18,14421,289
3348355,2881004,\N,18,14681,232
3404491,2930005,33232,5,6480,183
3525872,3036857,\N,18,19751,74
3622355,3118572,26858,3,28874,60
3773707,3244836,\N,18,59814,159
4168244,3575774,1261,2,918,6
4221857,3621895,\N,5,15855,291
4315931,3701242,\N,5,10568,296
29259,29332,143,2,25203,317
40625,38229,129,2,23746,6
214288,192639,1634,2,16636,322
214469,192809,129,2,23745,6
214927,193206,129,2,23742,6
243890,219179,129,2,22126,6
645840,573387,\N,12,18458,302
1081205,948983,\N,18,33237,248
1111160,974838,143,2,41010,317
1505826,1309368,87,2,22885,318
2179290,1881360,107,2,2850,317
2766802,2379186,143,2,25203,317
2988201,2570126,\N,5,14668,147
3374786,2904225,1810,2,36966,319
3466457,2984772,1810,2,45956,319
3540941,3049221,\N,18,14681,202
3916180,3364186,129,2,21451,6
4071332,3494319,143,2,60775,317
69204,63976,26858,3,24952,60
114826,103828,\N,18,9061,54
114840,103839,1370,2,16322,319
170271,152658,1249,2,10761,317
318366,286021,\N,5,19862,6
408464,364543,129,2,24419,6
569079,506024,1370,2,1132,319
569079,506024,1370,2,1132,319
625439,555391,1370,2,1132,319
626345,556190,1370,2,1132,319
664398,589251,1261,2,41347,6
670080,594189,\N,18,8386,6
783522,691985,1261,2,41347,6
783522,691985,1261,2,41347,6
783522,691985,1261,2,41347,6
927601,816975,26858,3,878,58
1449293,1263031,26858,3,24952,60
1904334,1648511,1261,2,41347,6
1904334,1648511,1261,2,41347,6
1963224,1698687,\N,5,14930,326
2059414,1779749,63,2,8380,317
2059839,1780106,63,2,8381,317
2136704,1845313,\N,5,23778,109
2176452,1878930,\N,5,23778,109
2281342,1968274,63,2,19409,317
2323457,2003811,63,2,19409,317
2323457,2003811,63,2,19409,317
2324166,2004418,63,2,19409,317
2409103,2076114,1370,2,16322,319
2697505,2320677,\N,5,40419,116
2814102,2419266,\N,18,2420,6
2914783,2505684,\N,18,1902,6
2954795,2540677,1370,2,1132,319
2956232,2541869,1370,2,1132,319
3030930,2606679,\N,5,33900,147
3038302,2612832,\N,18,38267,36
3049354,2622256,1261,2,41347,6
3054753,2627055,\N,5,14038,86
3161909,2720279,107,2,20689,317
3316755,2853678,\N,5,8740,296
3316782,2853703,\N,5,8740,296
3352524,2884734,\N,5,57488,89
3406784,2932099,1370,2,16322,319
3418899,2942935,32675,5,53531,73
3438064,2959754,\N,5,12151,217
3438120,2959809,\N,5,57488,89
3564195,3068875,\N,5,22829,108
3959003,3400835,8800,3,22364,247
4279715,3670908,\N,5,62415,329
4393585,3767168,\N,5,19683,221
4438296,3805698,\N,5,13265,296
4440834,3807892,63,2,19409,317
66299,61333,1334,2,15494,317
72773,67139,1377,2,10334,5
179839,161310,1334,2,15494,317
361879,326845,\N,16,5163,\N
422565,376603,\N,18,24675,47
441518,392725,87,2,22885,318
441518,392725,87,2,22885,318
1192896,1044058,1261,2,2623,6
1483247,1291177,87,2,22885,318
1626899,1410507,87,2,22885,318
2697688,2320838,143,2,10863,317
2720122,2339623,\N,18,39111,319
3811127,3275828,23,2,19572,319
4176177,3582610,23,2,19572,319
150,147,\N,18,865,234
10170,11630,29299,3,8931,319
11050,12486,\N,18,8385,6
52490,48952,1305,2,13863,319
109156,98916,\N,5,7809,220
193906,174021,27813,3,24933,26
246789,221868,1334,2,19065,317
246789,221868,1334,2,19065,317
273210,245805,\N,5,11820,215
366858,331268,1036,2,36890,319
381023,340478,\N,18,32727,47
422565,376603,\N,18,24675,47
440188,391635,129,2,18562,6
674160,597709,\N,18,27843,47
735405,650503,2924,2,31664,247
878974,774765,\N,5,22716,99
887802,782517,1810,2,21101,319
1094878,960896,2510,2,41673,242
1113951,977220,2031,2,19976,238
1334071,1166253,1375,2,13942,21
1342245,1173285,1380,2,8313,238
1378913,1204618,2819,2,2466,248
1439738,1255065,1334,2,21786,317
1473584,1283290,\N,18,34508,47
1555407,1350925,1380,2,26404,238
1619148,1404037,2031,2,25378,238
1844189,1596735,3093,2,31892,247
1930167,1670471,1989,2,15480,247
2140460,1848402,2676,2,48015,247
2977844,2560783,1963,2,15137,247
3000016,2580186,1064,2,45112,242
3146276,2706847,2031,2,20264,238
3266865,2810435,3920,2,41503,248
3340702,2874078,3335,2,1507,247
3667539,3156524,2510,2,39096,242
3673796,3161716,\N,18,747,247
3974911,3414197,1826,2,39687,247
32384,31821,129,2,22123,6
33944,33062,129,2,21451,6
37605,36260,129,2,24999,6
48246,45187,129,2,20029,6
63342,58690,1036,2,8520,319
89840,82114,1036,2,8520,319
108707,98543,1036,2,8520,319
395892,353574,\N,18,16509,271
625069,555067,1036,2,8520,319
2085566,1801889,129,2,42272,6
2104839,1818252,1674,2,12800,322
2858248,2457304,1261,2,19056,6
3458598,2977776,1036,2,8520,319
3629854,3124917,1873,2,35086,322
37295,36047,1377,2,10334,5
37298,36050,1377,2,10334,5
358087,321204,\N,7,992,\N
588681,523235,\N,18,525,203
2292366,1977564,1660,2,48259,247
2569455,2212622,39519,17,36428,\N
2634537,2267526,32316,5,24911,149
2846902,2447525,23,2,54529,319
3426236,2949412,\N,18,24658,24
4024830,3455501,3201,2,51384,247
19526,20636,\N,12,10986,291
77850,71669,\N,18,17601,40
92062,84088,40803,17,1106,\N
93752,85531,40803,17,1106,\N
118282,106909,42566,17,13476,\N
188642,169244,26858,3,29869,60
498385,443690,26858,3,28874,60
1059710,930357,27190,3,7189,161
1100760,965909,26858,3,31963,60
1216572,1064589,643,3,918,6
2639608,2271896,\N,18,14682,88
2996159,2576879,26858,3,40444,60
3531325,3041366,27006,3,397,161
3992926,3428744,29664,3,28212,242
80346,73812,40798,17,11221,\N
142691,128168,1036,2,8520,319
447694,398076,82,2,22367,319
1104088,968763,129,2,18562,6
1763715,1527201,1261,2,42372,6
1896735,1642011,29433,2,32963,238
2081821,1798703,1810,2,49754,319
2104381,1817894,29433,2,32963,238
2147099,1854104,129,2,42272,6
2220294,1916521,1585,2,20401,261
2325953,2005958,23,2,28719,319
2386462,2057382,1030,2,15844,319
2401197,2069678,1032,2,18408,238
2450160,2110926,129,2,42272,6
2467480,2125860,2258,2,39164,322
2476143,2133031,82,2,22367,319
2529313,2178324,1032,2,7385,238
2546485,2192805,\N,18,22702,230
2606126,2243394,82,2,23354,319
2632823,2266132,58,2,14689,6
2723113,2342126,1064,2,39252,242
2736560,2353319,2031,2,47068,238
2786833,2396021,\N,8,631,296
2898287,2491361,1674,2,21599,322
2941270,2528876,129,2,20033,6
2990790,2572224,1674,2,21599,322
3029224,2605207,1585,2,25119,261
3071204,2641391,\N,18,34916,54
3369942,2899753,1766,2,15736,319
3407534,2932782,1674,2,21452,322
3625681,3121481,107,2,20689,317
3736123,3213798,107,2,20689,317
4012454,3445044,\N,18,6756,322
4310811,3696986,1674,2,21599,322
7648,9067,1334,2,16632,317
9008,10497,\N,18,18500,25
136776,122947,1334,2,14410,317
157180,140916,1268,2,2302,5
274929,247468,1261,2,2623,6
671428,595361,154,2,8877,319
1056382,927489,\N,18,14681,289
1779167,1540642,\N,18,14681,6
1837013,1590613,\N,12,10989,203
2564016,2207908,41445,4,33021,\N
158293,141946,1334,2,8358,317
304111,273081,\N,18,13732,6
652872,579742,\N,18,10125,28
1082424,950009,1836,2,20049,322
1768061,1531009,26976,3,883,183
1791888,1551710,164,2,41149,320
2027357,1746643,2400,2,40575,246
2027357,1746643,2400,2,40575,246
3533988,3043683,\N,18,9058,6
3701384,3184944,1261,2,918,6
3778999,3249282,2400,2,40575,246
3971781,3411549,\N,18,14682,6
4007998,3441310,\N,18,13732,6
4008014,3441322,\N,18,13732,6
4093971,3513543,\N,18,6756,322
75696,69777,5031,3,5836,\N
1145475,1003886,\N,18,9058,6
1284482,1123100,\N,18,14681,6
1748942,1514586,\N,18,14681,297
1752751,1517840,9108,3,47632,319
1816765,1573076,542,3,16689,125
2365555,2039541,\N,18,14681,297
2458090,2117662,\N,18,9058,6
2569455,2212622,39519,17,36428,\N
2623753,2258384,643,3,7026,6
2736112,2352939,39519,17,38079,\N
3232052,2780757,9319,3,51607,254
3296538,2836181,\N,18,47350,47
3435019,2957100,643,3,10988,6
3473609,2991259,\N,18,14682,215
4187731,3592490,\N,18,9058,6
14319,15701,\N,18,1882,134
15156,16560,\N,18,18497,27
27668,27932,\N,18,22918,319
65352,60488,\N,18,22918,319
86337,79026,1769,2,13792,319
90440,82672,\N,18,24414,47
142994,128463,1769,2,13792,319
267775,240680,\N,18,31230,322
304118,273087,\N,18,13732,6
343232,308077,\N,18,862,27
355760,319180,\N,18,31552,322
395157,352909,\N,18,13134,26
434322,386512,\N,18,12724,36
558576,496974,1896,2,30710,238
604957,537314,\N,18,32117,322
694871,615584,1753,2,7272,322
778294,687448,154,2,14002,319
819395,722786,1862,2,21109,238
824566,727557,\N,18,21736,36
824566,727557,\N,18,21736,36
925489,815103,\N,18,40803,36
945937,833173,1351,2,41987,322
945937,833173,1351,2,41987,322
952838,839151,1753,2,37331,322
1056575,927672,154,2,14002,319
1056575,927672,154,2,14002,319
1117970,980531,1261,2,2623,6
1164018,1019290,2640,2,29141,247
1225232,1072127,1944,2,7566,247
1233161,1078774,2400,2,40086,246
1391079,1214192,154,2,14002,319
1398590,1220568,154,2,14002,319
1459339,1271419,2258,2,32104,322
1544440,1341695,\N,18,32349,36
1590817,1380738,154,2,14002,319
1732429,1500075,2400,2,40575,246
1756649,1521158,2045,2,12547,247
1908430,1651972,1261,2,918,6
2027356,1746643,2400,2,40575,246
2192936,1892968,1674,2,17018,322
2204568,1903014,2400,2,40575,246
2213284,1910555,\N,18,35,6
2222109,1918124,\N,18,14681,289
2222109,1918124,\N,18,14681,289
2227217,1922426,1786,2,36384,322
2254157,1945297,\N,18,15242,25
2261141,1951115,1261,2,918,6
2347281,2023790,2258,2,48607,322
2361420,2036009,1261,2,6783,6
2361420,2036009,1261,2,6783,6
2431180,2094965,1567,2,45662,6
2469060,2127227,\N,18,17619,25
2469060,2127227,\N,18,17619,25
2521169,2171257,\N,18,40293,36
2577798,2219564,1261,2,6783,6
2646364,2277723,\N,18,26228,200
2647536,2278728,3410,2,16336,247
2647879,2279008,1862,2,28444,238
2675768,2302543,\N,18,46276,179
2690274,2314765,101,2,889,183
2711768,2332785,1786,2,44679,322
2741073,2357131,1261,2,6783,6
2770947,2382736,1894,2,25554,322
2783026,2392879,1812,2,36172,247
2887629,2482299,2887,2,31074,247
2897727,2490894,2887,2,52260,247
2906630,2498421,\N,5,20162,289
2927855,2517168,1810,2,36976,319
2998018,2553433,\N,18,24043,233
3024120,2600828,1873,2,41209,322
3044860,2618532,1031,2,6675,6
3112086,2677637,1064,2,39230,242
3131733,2679387,\N,18,18665,236
3180411,2736342,\N,5,52470,205
3331038,2865772,1404,2,7725,2
3367633,2897768,154,2,14002,319
3795976,3263142,2103,2,31354,322
3809447,3274395,2510,2,53699,242
3887239,3339321,1810,2,36976,319
311867,280017,\N,18,13732,6
1080226,948158,24,3,1228,5
1443241,1257976,\N,18,14681,6
1528299,1328400,26940,3,40188,57
1779124,1540603,\N,18,14681,6
2293794,1978813,\N,18,14682,6
2293978,1978969,\N,18,14681,6
2694147,2317955,\N,18,33151,25
2697543,2320715,\N,5,22137,73
3358774,2890123,40024,4,52921,\N
4137621,3549757,\N,5,8740,296
681,1029,1334,2,8058,317
304118,273087,\N,18,13732,6
900461,793696,129,2,38388,6
1213778,1062099,39427,4,27215,\N
2222650,1918575,37246,4,45959,\N
2222650,1918575,37246,4,45959,\N
2222650,1918575,37246,4,45959,\N
2294021,1979007,\N,18,14682,6
2425264,2089847,36406,4,32247,\N
2557826,2202528,23,2,21659,\N
2917501,2508112,38690,4,54068,\N
2917501,2508112,38690,4,54068,\N
3048896,2621901,1261,2,918,6
3225047,2774806,1261,2,918,6
3234018,2782360,\N,18,53027,13
3388049,2915606,2258,2,33148,\N
3388052,2915609,2258,2,33148,\N
3397589,2923884,\N,8,1268,326
3509751,3022749,\N,18,14682,6
3528017,3038553,\N,18,14682,6
3533334,3043063,\N,18,14681,6
3674270,3162099,36953,4,50450,\N
3776756,3247454,22278,8,10527,326
3845941,3305081,\N,18,14681,6
3860204,3316946,\N,18,14682,6
4156741,3566125,41825,4,19698,\N
4211342,3612786,40638,4,58351,\N
9985,11441,\N,12,19701,300
19517,20627,\N,12,10986,291
19517,20627,\N,12,10986,291
23235,23972,\N,12,17493,27
27216,27539,\N,12,21199,54
54150,50437,\N,12,10989,202
54150,50437,\N,12,10989,202
54150,50437,\N,12,10989,202
54156,50443,\N,12,10989,202
74271,68470,\N,12,22582,40
80797,74187,\N,12,10986,107
108133,98161,\N,12,10989,291
108133,98161,\N,12,10989,291
108133,98161,\N,12,10989,291
158336,141980,\N,18,28446,40
454028,403752,2022,2,9760,250
624498,554546,\N,12,10986,289
624498,554546,\N,12,10986,289
624498,554546,\N,12,10986,289
648619,575808,\N,12,18103,6
1246760,1090570,\N,18,22291,61
1263154,1104508,\N,18,45990,61
1307153,1142897,\N,12,10986,293
1307203,1142935,\N,12,10989,6
1837000,1590599,\N,12,10989,6
1939886,1678650,\N,12,13732,203
1986854,1718744,\N,18,44865,64
2353377,2029118,\N,12,10986,6
2747433,2362851,\N,18,9058,6
3053823,2626190,1261,2,6783,6
3500568,3014784,\N,12,8371,54
3570911,3074623,\N,12,19701,300
3618942,3115579,\N,12,10990,6
3911058,3359665,\N,5,8742,\N
109090,98858,129,2,18562,6
117819,106480,129,2,24419,6
215461,193691,\N,18,2826,27
551245,490390,161,2,850,231
574754,511202,2625,2,13084,248
1387165,1210900,129,2,18562,6
1408556,1228944,\N,5,22716,99
1634236,1416705,94,2,45735,245
1676245,1452576,2400,2,38357,246
1778113,1539714,\N,18,21897,207
1797665,1556597,154,2,14002,319
1843221,1595898,\N,18,45625,35
2153577,1859538,\N,5,14930,329
2262866,1952598,\N,5,12081,73
2294818,1979732,\N,5,14794,87
2296953,1981536,1261,2,19056,6
2363585,2037922,2400,2,50845,246
2462942,2121843,1268,2,2302,5
2681264,2307242,\N,18,29057,233
2749474,2364615,\N,5,13588,86
2857243,2456415,\N,18,28801,167
3574371,3077567,\N,18,9598,133
3686055,3172022,\N,18,6145,235
3781943,3251672,2948,13,9097,248
3907751,3356874,2035,13,2608,247
4440651,3807727,2160,2,28590,259
12638,14077,\N,5,7809,109
42101,40140,1377,2,24975,5
47567,44589,1377,2,24975,5
95238,86828,1377,2,10334,5
126042,113487,\N,5,7809,109
167401,150035,2150,13,18955,252
195053,175036,\N,5,18784,205
716362,633926,2058,2,37971,259
769866,680134,\N,5,18784,205
834023,735590,1786,2,39516,322
1095503,961442,3290,13,36392,259
1623678,1407874,\N,18,34916,54
1634363,1416804,3537,13,26785,247
1684940,1459873,3534,13,27771,247
1733853,1501262,3534,13,27771,247
1966738,1701708,\N,18,35143,54
1979741,1712690,3132,13,29900,247
2224203,1919855,3121,13,17467,259
2459592,2118964,3257,13,42444,247
2516957,2167514,3121,13,17467,259
2614038,2250021,2649,13,12270,247
2692487,2316596,3121,13,17467,259
2775728,2386828,2421,13,14701,259
2830408,2433334,3121,13,17467,259
2840353,2441790,34075,5,1537,107
3354100,2886086,2958,2,44706,252
3702928,3186273,3711,13,46548,252
1771,2450,\N,18,1884,188
14976,16386,\N,12,17514,27
15246,16646,\N,12,17514,27
22184,23033,\N,12,10989,297
22184,23033,\N,12,10989,297
25658,26205,26858,3,10297,60
60348,55965,26858,3,29963,60
76874,70786,\N,12,18103,6
109157,98915,\N,5,7809,109
129952,116821,27006,3,397,161
182233,163404,27031,3,32508,318
202041,181429,27031,3,32735,318
213944,192354,\N,12,10986,6
232388,208767,\N,18,15912,25
243701,219007,\N,18,14681,297
320296,287860,\N,18,37644,322
333302,299395,27031,3,1835,317
381546,340939,\N,18,19205,73
415792,371094,\N,18,14681,88
564520,501915,643,3,2623,6
624502,554550,\N,12,10986,289
644780,572432,\N,5,18924,289
648402,575608,\N,12,18103,54
649132,576261,\N,12,18103,54
667127,591685,\N,12,10986,6
723679,640345,\N,18,24831,133
835001,736432,\N,18,14681,88
859669,752793,\N,18,38761,322
895041,789040,6732,3,36934,248
900970,794152,\N,12,2003,54
1361351,1189482,27031,3,32735,318
1383014,1207455,29664,3,39260,242
1567304,1360915,\N,12,10986,291
1567425,1361011,\N,12,10986,6
1835326,1589094,\N,12,10986,232
1836937,1590539,\N,18,10989,6
1836990,1590590,\N,12,10989,203
1836990,1590590,\N,12,10989,203
1836995,1590593,\N,12,10989,203
1836995,1590593,\N,12,10989,203
1836995,1590593,\N,12,10989,203
1836995,1590593,\N,12,10989,203
1836995,1590593,\N,12,10989,203
1836998,1590597,\N,12,10989,6
1837001,1590601,\N,12,10989,6
1839517,1592757,\N,5,18924,289
2159903,1864896,\N,12,8200,40
2432115,2095733,9344,3,49613,247
2496131,2149755,\N,12,10986,6
2501766,2154557,\N,12,10986,205
2517513,2168009,27031,3,32735,317
2828688,2431865,41197,17,25303,\N
2873420,2470330,\N,12,19857,200
2986816,2568941,8933,3,54639,322
3062580,2634042,34057,5,24980,220
3354163,2886137,34057,5,24980,220
3393855,2920663,\N,5,8440,297
3578548,3081127,30718,3,10847,4
3735198,3213044,\N,18,10955,238
3912101,3360595,\N,18,31857,322
3948271,3391678,\N,12,10990,289
3992787,3428628,27031,3,42171,317
4151544,3561659,\N,12,10990,289
4362464,3740789,\N,12,10989,6
3983,5028,\N,18,13829,161
3983,5028,\N,18,13829,161
11711,13133,\N,18,8386,6
16183,17554,42,2,19619,21
34038,33133,1592,2,19553,242
48974,45828,\N,18,13829,183
70759,65372,\N,18,2419,6
75195,69316,\N,18,1903,6
92220,84215,1064,2,30334,242
110089,99698,111,2,17284,242
112632,101918,111,2,24082,242
117796,106458,111,2,24082,242
124009,111724,1592,2,19553,242
124018,111724,1592,2,19553,242
156675,140467,1064,2,30334,242
166621,149345,1064,2,19903,242
168567,151095,111,2,20918,242
181739,162993,\N,18,14681,215
182549,163703,\N,18,14681,88
182549,163703,\N,18,14681,88
212325,190852,\N,5,6973,277
212383,190901,111,2,8034,242
224871,201786,\N,5,15855,289
243181,218518,\N,18,14681,88
268542,241405,\N,5,19524,116
304118,273087,\N,18,13732,6
408994,365005,\N,18,1265,171
496160,441690,\N,5,6973,\N
553997,492891,111,2,23663,242
560975,498926,129,2,40322,6
599128,532510,1261,2,918,6
619475,550062,\N,5,18841,297
726851,643032,\N,18,9058,6
778122,687302,1469,2,24721,21
789223,696848,\N,5,14056,232
809799,714536,\N,5,12300,220
821250,724454,\N,5,7293,326
822992,726072,\N,5,25041,220
822996,726076,\N,5,25041,220
867702,764807,111,2,17284,242
895932,789828,\N,5,14056,6
916947,807778,\N,18,14681,216
917681,808414,1261,2,10925,6
996537,876180,\N,18,14681,6
1056729,927816,\N,18,14681,289
1101570,966587,2216,2,15691,248
1251132,1094495,2047,2,23476,259
1394668,1217210,1261,2,918,6
2056031,1776934,2400,2,41389,246
2125486,1835740,\N,18,14681,293
2259094,1949425,82,2,50817,319
2286484,1972505,1027,2,27951,319
2294021,1979007,\N,18,14682,6
2316650,1998135,1766,2,15736,319
2690985,2315339,\N,18,51281,124
2771222,2382904,1469,2,35953,21
2843345,2444417,\N,18,24894,319
3078077,2647263,1849,2,55719,317
3654244,3145671,\N,18,51281,124
3714799,3196075,1445,2,28432,6
3969514,3409572,\N,5,45231,329
4160696,3569437,1810,2,47867,319
4266235,3659812,1766,2,50591,319
758,1078,\N,18,955,168
34648,33597,129,2,22123,6
209675,188416,\N,18,30361,21
214946,193225,129,2,23742,6
234832,211111,1766,2,33000,\N
296041,265885,2031,2,23188,238
814899,718833,1766,2,7419,\N
1127971,988994,\N,18,24674,47
2624053,2258636,\N,18,21704,167
2690964,2315324,\N,18,55288,13
3066574,2637392,\N,5,11101,219
3338027,2871692,1033,2,958,317
4007408,3440834,3943,2,58517,246
4016419,3448326,\N,18,9058,6
4148242,3558807,\N,18,9058,6
4378957,3754633,\N,18,9058,6
67988,62861,\N,18,6763,28
251802,226354,\N,18,20853,73
273715,246310,\N,18,37660,322
281914,253756,8965,3,24152,247
554096,492982,4881,3,19110,240
1212312,1060886,\N,18,37661,322
1518304,1320096,\N,18,10989,6
1698552,1471205,8555,3,18891,322
1805844,1563599,\N,18,1403,201
1991659,1722811,6781,3,46316,247
2094951,1809642,15941,8,18764,329
2537083,2184870,27063,3,25732,319
2731721,2349324,20062,8,13005,329
2924255,2514045,27813,3,24970,29
3049014,2621965,21055,8,24072,326
3223318,2773242,\N,5,11101,219
3333752,2868190,27063,3,53022,319
3975453,3414648,27063,3,53022,319
3999372,3434107,27063,3,28091,319
37298,36050,1377,2,10334,5
45454,42617,1027,2,22370,319
47571,44593,161,2,18230,231
47571,44593,161,2,18230,231
47571,44593,161,2,18230,231
47571,44593,161,2,18230,231
47571,44593,161,2,18230,231
69204,63976,26858,3,24952,60
69220,63990,26858,3,24952,60
84909,77756,\N,18,21019,25
146045,131120,26858,3,24952,60
146045,131120,26858,3,24952,60
151746,136055,136,2,23046,6
157469,141162,\N,7,1990,\N
185172,166034,26858,3,2092,60
185172,166034,26858,3,2092,60
188642,169244,26858,3,29869,60
219485,197062,26858,3,878,60
243298,218619,\N,18,9058,6
243701,219007,\N,18,14681,297
243701,219007,\N,18,14681,297
415792,371094,\N,18,14681,88
415792,371094,\N,18,14681,88
415792,371094,\N,18,14681,88
418256,373242,26858,3,29869,60
502644,447421,\N,18,25144,54
517910,460658,26858,3,6776,60
519358,461897,8702,3,33604,247
524958,466944,26858,3,40492,60
525536,467455,26858,3,40492,60
527324,469074,\N,18,37468,138
533365,474457,\N,5,8440,297
535721,476516,8814,3,28574,247
686273,608174,26858,3,7169,60
690499,611790,26858,3,31963,60
734135,649377,26858,3,41748,60
774554,684138,26858,3,29841,60
835001,736432,\N,18,14681,88
875142,771343,26858,3,2367,60
927675,817039,26858,3,878,58
1010130,887930,4951,3,2829,247
1129749,990523,9170,3,45005,253
1137123,996905,\N,18,14681,289
1244446,1088563,26858,3,40492,60
1253974,1096921,\N,18,15025,54
1270582,1110896,26858,3,7169,60
1272169,1112338,9170,3,45005,253
1282106,1121091,\N,18,953,271
1370846,1197877,26858,3,7170,60
1376343,1202584,26858,3,28873,60
1376804,1202976,26858,3,28873,60
1387051,1210799,26858,3,9717,60
1434104,1250284,26858,3,6776,60
1449411,1263119,27081,3,18018,21
1456059,1268673,8907,3,13032,247
1463032,1274452,\N,18,14681,292
1488466,1295182,\N,18,14681,6
1515942,1317979,27009,3,28955,6
1515988,1318021,27009,3,28955,6
1524471,1325235,26858,3,6776,60
1525652,1326194,26858,3,7169,60
1549977,1346441,26858,3,6776,60
1613666,1399433,26858,3,41748,60
1627289,1410839,26858,3,10297,60
1638771,1420737,26858,3,24917,60
1708515,1479773,31844,3,40059,321
1731922,1499631,8904,3,48750,247
1744262,1510414,\N,18,14682,6
1807163,1564764,\N,18,14681,289
1807219,1564817,\N,18,14681,289
1807219,1564817,\N,18,14681,289
1807219,1564817,\N,18,14681,289
1814705,1571392,\N,18,19257,236
2029418,1754344,\N,18,50545,34
2055856,1776785,136,2,5634,6
2064458,1784060,9344,3,43479,247
2126269,1836430,27063,3,25360,319
2143188,1850743,9344,3,36388,247
2143189,1850743,9344,3,36388,247
2186944,1887893,26858,3,7169,60
2235761,1929903,\N,18,14682,295
2269336,1958087,26858,3,6776,60
2281581,1968470,26858,3,52180,60
2281581,1968470,26858,3,52180,60
2283439,1969976,26858,3,7170,60
2292929,1978012,\N,18,13216,34
2293978,1978969,\N,18,14681,6
2295900,1980666,\N,18,18871,60
2327165,2006998,\N,5,19771,215
2344163,2021164,\N,18,17627,54
2346328,2022982,\N,18,14681,292
2358464,2033387,\N,18,18871,60
2412699,2079342,\N,18,14682,88
2482877,2138576,\N,18,14682,219
2549132,1263293,4951,3,2829,249
2580136,2221683,\N,18,9058,6
2601324,2239477,\N,18,5637,289
2601324,2239477,\N,18,5637,289
2680462,2306583,\N,18,9058,6
2697854,2320991,\N,5,18784,202
2700477,2323229,\N,18,10863,175
2791435,2399759,4951,3,15198,249
2797888,2405075,\N,18,50335,296
2797888,2405075,\N,18,50335,296
2884115,2479329,26858,3,17926,60
2892461,2486418,26858,3,17926,60
2915756,2506591,26858,3,2092,60
2980978,2563643,1064,2,39228,242
3009829,2588574,\N,18,955,173
3054117,2626465,\N,18,14681,6
3114955,2680084,\N,18,25144,54
3179079,2735225,26858,3,7169,60
3188359,2743018,26858,3,52180,60
3218517,2768846,9296,3,56296,242
3416422,2940660,\N,18,14681,297
3453260,2973134,\N,18,14682,215
3483014,2999448,\N,18,14682,3
3507857,3021183,\N,18,14681,6
3527552,3038215,\N,18,14681,6
3594043,3094434,\N,18,14681,297
3610239,3108208,\N,5,10433,297
3653854,3145356,26858,3,50540,60
3657976,3148660,\N,18,54265,34
3720497,3200738,\N,18,50534,34
3752153,3227076,\N,18,14681,6
3754313,3228840,\N,18,14682,6
3851473,3309697,\N,18,14682,291
3856328,3313737,\N,18,14681,6
4025244,3455832,1064,2,39228,242
4032393,3461600,9376,3,36444,247
4169619,3577005,9152,3,49136,248
4181582,3587221,26858,3,58003,60
4299343,3687512,\N,18,14681,207
4366434,3744091,\N,18,8279,317
4366434,3744091,\N,18,8279,317
60319,55939,23,2,19572,319
191135,171556,\N,18,10989,297
200554,180045,1507,2,29359,322
280156,252193,2171,2,37397,322
367540,331847,1786,2,36148,322
388773,347257,1567,2,16320,6
401210,358269,1786,2,30503,322
653253,579938,1836,2,20870,322
658816,584531,2228,2,24489,259
735444,650535,\N,18,15920,25
783464,691936,2396,2,31484,247
955941,841703,1786,2,39500,322
1049436,921529,1507,2,24533,322
1060820,931325,\N,18,1519,54
1090057,956866,2890,2,16048,248
1383553,1207917,\N,18,12827,73
1609842,1396266,\N,18,49643,322
1926615,1667468,1062,2,32207,238
2382154,2053690,13895,8,38213,277
2507866,2159868,1404,2,34709,2
2520201,2170364,1826,2,39687,247
2576687,2218675,1261,2,2623,6
3216445,2767035,\N,18,13828,35
3379066,2907946,23,2,26571,319
3456305,2975860,1828,2,40762,322
3522188,3033656,2258,2,48608,322
4089042,3509332,\N,18,39111,319
4208796,3610576,\N,18,1679,23
134691,121073,111,2,17284,242
305022,273882,29,2,817,317
441113,392394,29,2,817,317
570298,507127,1370,2,1132,319
990537,870970,80,2,10686,238
1354935,1184189,2523,2,31987,247
1355177,1184384,\N,18,34505,47
1425425,1243075,2031,2,23239,238
1614043,1399749,1334,2,21786,317
1925222,1666229,1261,2,2623,6
2274091,1962170,2523,2,31985,247
2660333,2289354,2031,2,20264,238
2873284,2470219,3286,2,56292,319
3590489,3091249,\N,18,40090,47
4176177,3582610,23,2,19572,319
14319,15701,\N,18,1882,134
36434,35236,\N,18,20333,207
134777,121145,\N,18,21235,207
255981,230235,\N,18,8037,322
791304,698653,\N,18,37334,322
949284,836033,101,2,894,183
1270432,1110764,\N,18,6756,322
2145432,1852665,1261,2,7115,6
2473452,2130805,107,2,52421,317
2644383,2253244,\N,18,16871,207
2652542,2282903,1445,2,28432,6
2716705,2336911,1261,2,7115,6
2808920,2414902,\N,5,51902,73
3049671,2622528,\N,5,52514,107
3053459,2625874,\N,5,52469,202
3714368,3195732,1445,2,28432,6
3763002,3236040,2400,2,40575,246
4089042,3509332,\N,18,39111,319
4162720,3571163,\N,18,58953,207
55527,51659,101,2,894,183
141431,127054,43520,17,10845,\N
152112,136354,42501,17,10017,\N
219387,196964,37915,17,1104,\N
921216,811510,38547,17,15049,\N
1095160,961146,43691,17,16719,\N
1165305,1020501,34773,17,10172,\N
1370659,1197711,39519,17,32974,\N
1516869,1318772,\N,9,6196,174
1525844,1326358,\N,16,828,\N
1526136,1326602,\N,16,828,\N
1580628,1372197,\N,16,828,\N
1580685,1372241,\N,16,828,\N
1698179,1470883,37353,17,16680,\N
1732933,1500476,1766,2,39563,319
1844658,1597133,39849,17,13324,\N
2168248,1871871,37353,17,16680,\N
2453309,2113565,35739,17,38076,\N
2509616,2161346,37623,17,19495,\N
2591960,2231699,35533,17,15249,\N
2830499,2433420,39715,17,45524,\N
2960969,2545817,35985,17,14186,\N
3221789,2771842,38250,17,16867,\N
3358171,2889603,37418,17,57454,\N
3382839,2911169,\N,5,15348,86
3382843,2911171,\N,5,15348,86
3392710,2919662,41325,17,15049,\N
3564599,3069230,38762,17,9391,\N
3682348,3168874,1370,2,16322,319
4060581,3485357,35818,17,19472,\N
4180572,3586384,39128,17,29475,\N
14993,16404,\N,18,1903,1
17100,18413,\N,18,8200,164
20924,21861,\N,5,2140,288
30635,30551,164,2,2255,320
116357,105159,1261,2,918,6
219648,197197,\N,18,24894,319
1171422,1025784,\N,18,24746,25
1236979,1082128,1786,2,36209,322
1302678,1138937,\N,18,44540,25
1425642,1243276,1687,2,24661,5
1710867,1481736,1366,2,44324,134
1879685,1627259,\N,18,14681,291
2169200,1872699,\N,5,12037,147
2283578,1970092,1567,2,16320,6
2639577,2271868,\N,18,14682,88
2704946,2327147,\N,5,1452,288
2735409,2352348,1873,2,52579,322
2749088,2364302,\N,5,18784,202
3346980,2879763,1786,2,44699,322
3367633,2897768,154,2,14002,319
3415541,2905321,\N,18,7951,74
3552344,3058800,1810,2,36976,319
3595104,3095353,1261,2,7115,6
4182607,3588082,\N,18,9058,297
4182684,3588145,\N,18,9058,232
4253727,3649235,\N,18,14682,297
4340795,3722313,\N,18,14682,291
4357684,3736708,\N,18,9058,6
4361421,3739881,\N,18,14681,6
22184,23033,\N,12,10989,297
22184,23033,\N,12,10989,297
36197,35021,\N,18,22366,319
86061,78775,27063,3,15727,319
108142,98170,\N,12,10989,291
180984,162345,1163,2,28617,168
567991,505052,29664,3,35550,242
604226,536922,11805,8,14665,277
1818503,1574592,\N,12,8200,54
1836990,1590590,\N,12,10989,203
2394590,2064049,18663,8,37522,329
24046,24707,87,2,22885,318
58838,54503,\N,18,30525,322
58838,54503,\N,18,30525,322
69327,64088,1261,2,19056,6
78209,71972,134,2,19757,322
95657,87223,\N,18,1884,172
164502,147470,1567,2,16320,6
440188,391635,129,2,18562,6
1094878,960896,2510,2,41673,242
1460709,1272477,\N,18,35072,25
1491150,1297181,\N,18,10989,207
1584320,1375315,1567,2,16320,6
1606959,1393773,\N,18,24894,319
1870324,1619250,\N,18,13906,207
2069935,1788644,2258,2,39164,322
2979787,2562546,\N,18,1902,6
3193955,2747890,1445,2,28432,6
3198947,2752228,1326,2,4751,321
3615173,3112339,1380,2,46279,238
3714799,3196075,1445,2,28432,6
3714799,3196075,1445,2,28432,6
4052081,3478028,1377,2,10334,5
96472,87899,1873,2,31365,322
518701,461321,\N,18,10699,322
599176,532553,1261,2,918,6
735399,650496,9203,3,20535,247
932401,821119,2625,2,10369,248
958540,843966,\N,18,4660,113
1359356,1187819,1261,2,10988,6
1803539,1561616,1261,2,918,6
1907987,1651597,1261,2,918,6
3032431,2607893,1261,2,918,6
3301225,2840137,\N,18,49354,176
3505480,3019107,1261,2,10988,6
3702013,3185458,1562,2,33037,261
4119930,3535170,9320,3,23269,\N
4131560,3544774,\N,18,19751,73
4182914,3588342,1261,2,7115,6
187552,168276,26858,3,37857,60
1280397,1119717,9154,3,16053,247
2638845,2271236,\N,18,14681,88
2975937,2559031,\N,18,14682,293
3441512,2962804,32426,5,53531,73
3461231,2980101,8668,3,21052,247
3508773,3021912,\N,18,14682,6
3866254,3322061,\N,18,60131,247
3890939,3342468,\N,18,14681,6
4212901,3614113,\N,5,9482,297
4362658,3740961,\N,5,19683,148
4374278,3750637,9152,3,49136,247
7823,9303,164,2,15146,320
28991,29085,164,2,2255,320
31079,30781,164,2,2255,320
33423,32728,39784,17,13153,\N
48676,45551,129,2,18562,6
142782,128260,1036,2,8520,319
215085,193352,40071,17,11948,\N
215102,193368,40071,17,11948,\N
230303,206776,41655,17,30122,\N
230844,207295,41655,17,30124,\N
235759,212003,40400,17,15510,\N
311374,279557,40803,17,1106,\N
1047621,919974,1036,2,36952,319
1069529,938833,39256,17,15120,\N
1071851,940830,1036,2,8520,319
1219388,1067034,1261,2,19056,6
1230355,1076431,1033,2,963,317
1320425,1154565,38840,17,21196,\N
1352871,1182394,1033,2,957,317
1503096,1307003,35106,4,2879,\N
1528951,1328953,40071,17,13252,\N
1550684,1347030,1033,2,963,317
1736189,1503313,1064,2,46855,242
1811876,1568880,15884,8,39967,289
2166899,1870693,1766,2,33000,\N
2185026,1886285,38840,17,21196,\N
2202744,1901419,1261,2,19056,6
2203046,1901696,1261,2,19056,6
2444480,2106101,1261,2,19056,6
2539298,2186766,\N,18,27126,28
2655179,2285015,\N,18,36698,36
2701181,2323859,41597,17,38078,\N
2736461,2353237,41597,17,54369,\N
2766802,2379186,143,2,25203,317
2850324,2450437,39519,17,32974,\N
2858252,2457308,1261,2,19056,6
2894326,2488020,\N,18,9058,289
2897848,2490966,1033,2,957,317
3377371,2906434,\N,18,18227,6
3585501,3086990,36348,17,48314,\N
4287984,3677824,21037,8,10765,217
4291672,3680956,\N,7,61842,\N
4291980,3681215,\N,7,61842,\N
4327151,3710776,21365,8,57809,289
20180,21206,\N,12,20040,300
32401,31835,\N,12,20500,302
71752,66267,\N,12,10989,333
415810,371115,\N,18,14681,88
524926,466912,\N,12,2003,54
648402,575608,\N,12,18103,54
648402,575608,\N,12,18103,54
649132,576261,\N,12,18103,54
665879,590577,\N,12,10986,333
996641,876267,\N,12,18103,54
1547533,1344308,\N,18,27144,54
1630257,1413352,\N,12,10986,329
1705303,1476975,\N,12,16929,302
2175953,1878494,\N,12,1306,106
2501806,2154595,\N,12,10986,6
2900814,2493478,4952,3,26575,54
3067705,2638358,\N,12,10989,329
3145448,2706068,\N,18,50332,296
3198858,2752152,\N,18,19498,247
16523,17869,70,2,5606,319
19219,20351,\N,12,10986,232
22182,23031,\N,12,10989,6
47638,44655,143,2,10863,317
48197,45140,143,2,10863,317
56588,52599,\N,12,10989,297
56588,52599,\N,12,10989,297
71741,66251,\N,12,10989,88
85458,78237,1164,2,23591,154
108136,98164,\N,12,10989,291
112813,102071,\N,12,10989,297
127573,114832,91,2,13295,161
454627,404283,34138,5,11985,73
859577,757610,87,2,22885,318
1104088,968763,129,2,18562,6
1130406,991099,\N,5,13589,73
1176871,1030627,32252,5,21762,288
1207204,1056515,143,2,13295,317
1307216,1142946,\N,12,10989,6
1331483,1164034,1164,2,40990,246
1391151,1214248,1164,2,20175,154
1503096,1307003,35106,4,2879,\N
1551641,1347884,1033,2,957,317
1553324,1349206,1164,2,23606,154
1590806,1380730,38747,4,11307,\N
1881786,1629035,129,2,24419,6
1887741,1634252,1033,2,957,317
2066477,1785725,129,2,42270,6
2203110,1901747,1261,2,19056,6
2667685,2295623,\N,5,45231,329
2697688,2320838,143,2,10863,317
2742344,2358239,91,2,10863,161
3001695,2581699,143,2,10863,317
3003293,2583119,91,2,10863,161
3221353,2771429,\N,5,45231,329
3381841,2910338,91,2,10863,161
3692595,3177522,1033,2,964,317
3733056,3211189,143,2,10863,317
3969677,3409721,\N,5,45231,329
12838,14271,140,2,10690,317
37295,36047,1377,2,10334,5
37298,36050,1377,2,10334,5
37298,36050,1377,2,10334,5
48221,45163,145,2,20794,60
48221,45163,145,2,20794,60
48221,45163,145,2,20794,60
64667,59874,1377,2,10334,5
73962,68187,107,2,2839,317
86246,78940,145,2,30493,60
628970,558481,\N,18,26228,200
2003914,1733026,\N,18,32876,133
3408305,2933450,\N,5,12305,217
3787446,3256193,\N,5,10183,73
4103574,3521501,\N,18,19096,233
4152456,3562474,\N,18,18963,209
37298,36050,1377,2,10334,5
45454,42617,1027,2,22370,319
148172,132915,1261,2,19056,6
1405653,1226459,\N,18,14681,88
1658986,1437934,1261,2,7115,6
1741914,1508344,41589,4,11245,\N
2658835,2288094,1231,2,20994,262
2844852,2445768,\N,18,14682,155
3504430,3018163,87,2,22885,318
3606269,3104798,63,2,8380,317
3860947,3317589,\N,18,14681,6
3932652,3378379,87,2,58611,318
4148145,3558729,\N,18,9058,88
4164341,3572488,63,2,19409,317
415810,371115,\N,18,14681,88
1013810,891101,26976,3,891,183
2293964,1978953,\N,18,14681,6
2638996,2271380,\N,18,14681,293
2746989,2362457,\N,18,14682,289
2980877,2563560,\N,5,14668,147
2980913,2563595,\N,5,14668,147
3054355,2626692,\N,18,14681,205
3054543,2626870,\N,18,14682,\N
3508553,3021717,\N,18,14682,6
3546478,3053806,\N,18,26916,25
3847032,3305984,\N,18,14681,215
670,1013,1334,2,8058,317
670,1013,1334,2,8058,317
670,1013,1334,2,8058,317
670,1013,1334,2,8058,317
670,1013,1334,2,8058,317
670,1013,1334,2,8058,317
670,1013,1334,2,8058,317
670,1013,1334,2,8058,317
670,1013,1334,2,8058,317
670,1013,1334,2,8058,317
670,1013,1334,2,8058,317
670,1013,1334,2,8058,317
17100,18413,\N,18,8200,164
54356,50618,1234,2,19101,321
66272,61308,95,2,15685,6
66272,61308,95,2,15685,6
74433,68611,1036,2,8520,319
107103,97286,2168,2,24475,250
142787,128265,1036,2,8520,319
177135,158881,1334,2,14410,317
347692,312018,2135,2,24117,250
379902,339430,1334,2,30536,317
379902,339430,1334,2,30536,317
457549,406815,\N,18,17627,54
540164,480499,37536,17,22430,\N
666096,590778,1701,2,7000,247
666856,591459,154,2,8877,319
917900,808606,2067,2,6724,247
1085184,952521,41197,17,24929,\N
1096640,962413,154,2,14002,319
1230375,1076507,37536,17,22430,\N
1297968,1135040,2930,13,22200,247
1302099,1138440,1334,2,16632,317
1390254,1213514,87,2,22885,318
1404287,1225336,1036,2,8520,319
1404935,1225860,1036,2,8520,319
1407732,1228228,1036,2,8520,319
1505826,1309368,87,2,22885,318
1505826,1309368,87,2,22885,318
1543527,1341001,\N,18,17627,54
1543664,1341100,\N,18,17627,54
1571874,1364808,40232,17,10679,\N
1574759,1367184,36256,17,15535,\N
1698535,1471188,1380,2,8313,238
1892854,1638619,38743,17,12130,\N
1899349,1644267,2135,2,24117,250
1904334,1648511,1261,2,41347,6
2004885,1733870,1017,2,39354,238
2004885,1733870,1017,2,39354,238
2018688,1745257,\N,18,25144,54
2116781,1828409,111,2,45846,242
2145152,1852436,1380,2,26404,238
2147099,1854104,129,2,42272,6
2277119,1964711,\N,18,45096,248
2431649,2095343,1334,2,30536,317
2445284,2106760,1873,2,35086,322
2487812,2142778,2400,2,40575,246
2625936,2260283,1334,2,45487,317
2664024,2292458,\N,18,8371,54
2737404,2354012,1334,2,8058,317
2842218,2443441,3366,2,13794,248
2876816,2473180,1334,2,30533,317
2895323,2488850,95,2,43954,6
3117330,2682126,41655,17,33458,311
3131772,2694577,41655,17,33458,253
3156718,2715853,1036,2,8520,319
3203040,2755834,95,2,43954,6
3203040,2755834,95,2,43954,6
3203040,2755834,95,2,43954,6
3203803,2756487,95,2,43954,6
3203803,2756487,95,2,43954,6
3357077,2888698,95,2,43954,6
3357077,2888698,95,2,43954,6
3357077,2888698,95,2,43954,6
3357157,2888766,95,2,43954,6
3357157,2888766,95,2,43954,6
3357157,2888766,95,2,43954,6
3359229,2890478,95,2,43954,6
3359273,2890511,95,2,43954,6
3414780,2939284,1036,2,8520,319
3504430,3018163,87,2,22885,318
3579444,3081865,1334,2,17254,317
3654985,3146257,\N,18,53033,13
3768640,3240629,2559,2,30541,247
3954146,3396743,95,2,43954,6
3991278,3427335,1036,2,36890,319
3991547,3427573,1036,2,36890,319
4023284,3454182,95,2,43954,6
4025407,3455966,95,2,43954,6
4027236,3457472,95,2,43954,6
4037072,3465575,95,2,43954,204
4037400,3465819,95,2,43954,6
4037414,3465831,95,2,43954,6
4037483,3465893,95,2,43954,6
4037737,3466127,95,2,43954,6
114074,103193,129,2,35127,6
119466,107934,\N,18,14681,297
119466,107934,\N,18,14681,297
228182,204829,\N,18,14681,297
243699,219005,\N,18,14681,297
353809,317560,\N,5,19862,215
364781,329444,\N,5,1723,297
605092,537692,\N,5,6973,\N
651210,578067,2092,13,9276,247
1596228,1384948,1445,2,28432,6
3714368,3195732,1445,2,28432,6
7400,8817,1400,2,768,317
7400,8817,1400,2,768,317
24333,24966,87,2,22885,318
24333,24966,87,2,22885,318
46018,43103,\N,18,14681,297
48855,45721,\N,18,14681,326
57976,53858,154,2,8878,319
63440,58787,87,2,22885,318
206563,185589,1334,2,11265,\N
332215,298441,\N,18,33559,106
406804,363112,129,2,15745,6
441518,392725,87,2,22885,318
663228,588214,29433,2,32963,238
1062071,932382,1031,2,35,6
1221239,1068585,1031,2,2336,6
1382379,1206930,87,2,22885,318
1454104,1267022,1031,2,35,6
1554641,1350293,1164,2,23606,154
1851633,1603093,1164,2,23591,154
2701474,2324138,\N,18,14682,6
2711783,2332800,\N,18,10863,175
2717406,2337404,\N,5,14734,165
7823,9303,164,2,15146,320
193340,173502,\N,5,7808,6
287762,258918,\N,5,18924,289
416799,371973,1064,2,32564,242
625820,555730,\N,5,22456,289
636667,565418,\N,5,18924,289
857743,755978,\N,18,15920,25
1129475,990291,\N,5,14054,73
1305188,1141140,1896,2,39750,238
1695654,1468817,1567,2,16320,6
1839522,1592760,\N,5,18924,289
2145432,1852665,1261,2,7115,6
2910642,2501902,\N,18,14682,6
3394423,2921142,\N,18,24225,319
3548016,3055086,\N,18,2348,25
4180378,3586216,\N,18,22918,319
81234,74563,143,2,13295,317
134184,120646,\N,18,8371,54
143963,129339,12846,8,36760,326
210093,188784,\N,18,12739,72
239506,215188,\N,18,13019,40
264982,238161,\N,5,15855,87
305051,273907,1033,2,964,317
384516,343499,\N,18,8371,54
437729,389433,\N,18,31810,24
512086,455537,\N,5,19449,329
561330,499209,129,2,40322,6
615902,546980,1033,2,957,317
783522,691985,1261,2,41347,6
1025366,900959,33502,5,12133,232
1059437,930141,\N,5,45920,222
1151258,1008507,\N,5,15855,297
1187113,1039130,\N,5,15855,89
1199047,1049666,1810,2,21125,319
1365086,1192703,\N,18,42034,36
1463437,1274799,\N,5,30264,297
1482071,1290222,\N,18,46018,47
1574291,1366802,\N,18,14,25
1598428,1386708,\N,18,42034,36
1704781,1476531,\N,18,29097,36
2136477,1845108,\N,5,11882,297
2382599,2054085,\N,5,14056,297
2417766,2083547,\N,5,34712,218
2532382,2180855,1810,2,49754,319
2545435,2191906,\N,18,29098,36
2602674,2240602,\N,5,12509,116
2760295,2373729,26858,3,50540,60
3088372,2656389,\N,5,15515,73
3198858,2752152,\N,18,19498,247
3534396,3043980,\N,18,14682,6
7823,9303,164,2,15146,320
32384,31821,129,2,22123,6
33944,33062,129,2,21451,6
33944,33062,129,2,21451,6
34453,33423,129,2,22123,6
34649,33597,129,2,22123,6
43137,41055,\N,18,18374,25
383839,342912,34138,5,11985,73
1463244,1274635,1380,2,33242,238
1518311,1320105,\N,18,10989,6
1693495,1467022,1810,2,36976,319
1748365,1514085,\N,18,14681,297
1766688,1529822,1810,2,36976,319
1825869,1580894,\N,18,10989,215
1907425,1651111,1380,2,33242,238
1907665,1651321,1380,2,33242,238
2165482,1869510,87,2,22885,318
2350767,2026862,\N,18,12739,4
2395809,2065172,\N,18,7741,25
2449484,2110388,164,2,41149,320
2449484,2110388,164,2,41149,320
2555184,2200281,\N,5,39766,222
2828586,2431772,1810,2,24696,319
3114896,2680032,\N,18,36700,36
3320704,2856950,\N,5,39766,217
3523642,3034914,\N,18,23349,28
3539273,3048081,1261,2,7026,6
4196635,3600118,\N,18,36698,36
30616,30533,1128,2,15965,26
50611,47272,49,2,7848,6
98266,89521,\N,18,1265,200
158471,142101,\N,18,955,168
161121,144535,\N,18,8200,40
311867,280017,\N,18,13732,6
311867,280017,\N,18,13732,6
548424,487869,1261,2,918,6
730264,646033,\N,18,9338,73
851637,750578,\N,18,19093,26
886370,780017,26940,3,23198,57
888523,783138,1862,2,24455,238
889098,783659,1751,2,27955,238
1092507,958816,\N,18,7273,322
1216572,1064589,643,3,918,6
1240976,1085529,\N,18,2003,40
1276085,1115791,1404,2,7725,2
1340318,1171490,87,2,22885,318
1394668,1217210,1261,2,918,6
1483178,1291121,87,2,22885,318
1501767,1305844,87,2,22885,318
1506885,1310320,1261,2,7115,6
1695654,1468817,1567,2,16320,6
1907694,1651348,643,3,10985,6
1995352,1725892,1261,2,10988,6
2035540,1759525,1567,2,16170,6
2057716,1778391,\N,18,36698,36
2145382,1852618,1261,2,7115,6
2185623,1886790,1064,2,47143,242
2205152,1903501,1261,2,918,6
2222210,1918210,1261,2,10987,6
2260663,1950721,1261,2,918,6
2260789,1950819,643,3,918,6
2327617,2007384,1261,2,10988,6
2445506,2106961,\N,18,20347,236
2458393,2117912,\N,18,1519,35
2658892,2288136,\N,18,35143,54
2714435,2334978,1674,2,18559,322
2716666,2336877,1261,2,7115,6
2760927,2374255,1766,2,52448,319
2824897,2428598,\N,18,55511,223
2932892,2521590,34386,5,996,86
3053729,2626103,\N,5,52469,202
3279925,2821721,\N,5,22298,288
3386096,2913889,111,2,18776,242
3468166,2986393,\N,18,1519,35
3504074,3017848,\N,18,8082,6
3511607,3024330,\N,5,7283,289
4015575,3447593,643,3,10987,6
24687,25312,161,2,16582,231
36880,35661,161,2,676,231
44221,41578,161,2,18230,231
44221,41578,161,2,18230,231
54470,50719,\N,18,18230,232
74646,68806,101,2,894,183
224599,201547,\N,5,15855,296
403230,359958,161,2,16582,231
404574,361112,161,2,16582,231
754390,666892,2751,2,38249,238
848743,748193,\N,5,15102,222
1052031,923702,101,2,894,183
1392233,1215129,\N,18,9301,322
1757029,1521492,\N,16,828,\N
1779084,1540563,\N,18,14681,297
2085566,1801889,129,2,42272,6
12565,14008,1033,2,17283,317
22013,22877,1323,2,818,319
27174,27500,1323,2,818,319
60675,56247,\N,18,25335,8
96310,87755,23,2,34275,319
164731,147653,111,2,17284,242
168570,151097,23,2,19574,319
262543,236189,1370,2,1132,319
325667,292640,1567,2,21425,6
448245,398566,2097,2,32370,238
476131,423610,11853,8,30278,277
638283,566861,2097,2,32370,238
875798,771951,\N,5,18924,289
1023839,899724,\N,18,25141,86
1245433,1089424,\N,5,30538,297
1290325,1128429,1326,2,4751,321
1962832,1698315,\N,5,2140,291
1991964,1723058,\N,18,48519,179
2190776,1891136,\N,18,36217,260
2323457,2003811,63,2,19409,317
2407068,2074474,1334,2,45487,317
2703475,2325899,23,2,34275,319
2839410,2440986,23,2,34275,319
2955977,2541653,1370,2,16322,319
3034313,2609492,2727,2,40900,238
3127561,2690937,2103,2,51919,322
3154707,2714101,1305,2,11717,319
3259837,2804494,\N,18,7798,27
3447896,2968485,23,2,19574,319
3458315,2977522,63,2,8380,317
3458315,2977522,63,2,8380,317
3464139,2982649,\N,5,11395,205
3471208,2989104,31999,5,7283,289
3490012,3005521,23,2,19574,319
3490944,3006296,2065,2,32762,238
3566022,3070430,23,2,34274,319
3606269,3104798,63,2,8380,317
3614248,3111574,23,2,19574,319
3822265,3284946,129,2,42272,6
3885021,3337430,\N,18,11058,319
3950159,3393339,\N,18,10999,26
4374928,3751218,1034,2,9335,320
4409043,3780585,2400,2,59672,246
8675,10166,29,2,817,317
9426,10895,29,2,817,317
12236,13690,29,2,817,317
13069,14495,1400,2,768,317
13069,14495,1400,2,768,317
13968,15357,29,2,817,317
32572,31960,129,2,22123,6
34648,33597,129,2,22123,6
34649,33597,129,2,22123,6
40060,38362,1400,2,768,317
40060,38362,1400,2,768,317
58613,54434,1400,2,768,317
70933,65525,1400,2,768,317
96310,87755,23,2,34275,319
146787,131806,1370,2,16322,319
178995,160504,1370,2,16322,319
609050,541125,129,2,25932,6
764755,675869,29,2,817,317
1416414,1235648,2065,2,25896,238
1736232,1503344,2065,2,32762,238
2508839,2160685,23,2,34275,319
3529151,3039528,29,2,817,317
3620965,3117386,\N,8,45062,36
3827672,3289521,2031,2,47068,238
3858195,3315373,\N,18,14682,6
119571,107978,1243,2,34147,322
125692,113173,1243,2,34266,322
128629,115627,\N,18,5551,319
132540,119110,\N,18,14153,34
196332,176177,1567,2,19602,6
206397,185433,1261,2,7115,6
303648,272654,\N,18,23626,233
303648,272654,\N,18,23626,233
304118,273087,\N,18,13732,6
602217,535238,1261,2,7115,6
758698,670701,1261,2,918,6
758733,670736,1261,2,918,6
792342,699567,158,2,32996,322
879833,775511,1261,2,918,6
956518,842194,\N,18,37334,322
959683,844973,\N,18,40606,27
1000368,879423,\N,18,37355,322
1065786,935634,\N,18,20551,138
1216557,1064574,643,3,918,6
1392729,1215559,\N,18,9301,322
1392729,1215559,\N,18,9301,322
1540597,1338613,33106,5,15576,25
1655121,1434620,16955,8,47825,326
2690489,2314941,\N,18,55242,104
3479356,2996225,\N,18,13732,6
32566,31959,129,2,22123,6
32571,31960,129,2,22123,6
32753,32122,129,2,21451,6
168403,150950,1678,2,16540,248
207837,186747,1261,2,918,6
362293,327210,129,2,15745,6
434111,386330,90,2,24634,47
457388,406694,\N,18,9743,54
782930,691465,1261,2,41347,6
1349250,1179235,1224,2,11059,319
1349326,1179303,1224,2,11059,319
1349326,1179303,1224,2,11059,319
1491485,1297492,1862,2,31183,238
1546232,1343204,\N,18,33597,21
1718943,1488606,1674,2,18559,322
1745292,1511363,\N,18,14681,6
1821021,1576725,\N,18,36700,36
1899953,1644814,\N,18,17103,24
2085566,1801889,129,2,42272,6
2222210,1918210,1261,2,10987,6
2959129,2544284,\N,18,4660,113
3138706,2700426,1674,2,12993,322
3462651,2981339,\N,5,15855,6
3769325,3241175,2348,2,28851,248
3990590,3426803,\N,18,56749,322
28708,28839,\N,12,17066,200
64904,60093,\N,12,10989,73
108136,98164,\N,12,10989,291
112813,102071,\N,12,10989,297
115405,104329,\N,12,21850,24
584736,520012,\N,5,12762,88
654701,581344,34138,5,11985,73
1058263,929151,1674,2,17018,322
1194067,1045150,\N,12,41670,302
1471287,1281410,\N,5,16052,73
2060653,1780795,\N,12,19542,200
2799731,2406767,\N,5,18933,147
3520178,3031868,\N,5,18933,147
4300684,3376787,\N,12,20274,73
5049,6263,1370,2,1132,319
92903,84811,1064,2,32550,238
156233,140065,\N,18,43,209
258552,232576,2676,2,34176,247
258552,232576,2676,2,34176,247
280779,252779,1567,2,16172,6
348464,312740,154,2,14002,319
404919,361423,2625,2,8633,247
596961,530613,1525,2,9954,247
649117,576247,2264,2,15285,247
770481,680687,1862,2,15848,238
836110,737344,2464,2,10645,247
914845,806039,3007,2,15177,248
1171842,1026154,2855,2,19125,247
1171842,1026154,2855,2,19125,247
1277475,1116964,1913,2,43176,252
1352946,1182551,2510,2,39098,242
1421266,1239567,\N,5,22716,99
1457046,1269508,2702,2,22299,247
1467533,1278184,3371,2,29284,247
1467905,1278506,3371,2,29284,247
1480838,1289214,\N,18,21974,27
1505949,1309476,1261,2,2623,6
1688644,1462904,1765,2,24965,259
1706179,1477664,3070,2,31401,247
1729095,1497229,3213,2,7791,248
1802866,1561040,2476,2,22980,247
1809258,1566605,\N,18,37039,247
1898649,1643650,154,2,14002,319
2009245,1737497,2788,2,31044,247
2115308,1827146,2233,2,15484,259
2360030,2034772,2689,2,49718,253
2511628,2163016,2926,2,15734,253
2806300,2412623,32001,5,9694,292
3071128,2641323,34089,5,53531,73
3100751,2667267,\N,5,13633,147
3165171,2723199,23,2,28650,319
3236916,2784699,154,2,14002,319
3555342,3061343,2926,2,15734,253
3784269,3253671,23,2,47631,319
3811195,3275891,\N,18,51565,54
4127202,3541247,2745,2,29277,247
4238737,3636432,154,2,14002,319
4256183,3651319,1261,2,10985,6
140966,126636,41265,17,11911,\N
152461,136680,\N,9,19311,130
161698,145063,41136,17,9391,\N
169800,152216,\N,7,9548,\N
217551,195375,41463,4,1527,\N
549677,488982,43502,17,15759,\N
593660,527732,1334,2,11411,\N
1140608,999874,10905,8,7677,\N
1207127,1056453,38811,17,15203,\N
1374970,1201438,35374,17,7894,\N
1410808,1230916,36256,17,36428,\N
1467110,1277836,37075,4,450,\N
1570663,1363785,2396,2,30374,247
1587247,1377737,41990,17,10261,\N
1587247,1377737,41990,17,10261,\N
1607552,1394304,1073,2,1186,\N
1684293,1459326,41197,17,30265,\N
1982827,1715326,40162,17,16815,\N
2033637,1757853,38250,17,15120,\N
2345270,2022087,36992,17,38076,\N
2362098,2036600,42651,17,19074,\N
2546686,2192979,37812,17,16866,\N
2930759,2519712,42918,17,16680,\N
1003301,881947,9204,3,21052,247
2145436,1852671,643,3,7115,6
2450986,2111615,9363,3,45656,257
2477121,2133801,8857,3,17673,247
2779279,2389823,5448,3,10821,248
2846054,2446830,27031,3,42171,317
3318922,2855436,9429,3,22020,252
3365298,2895715,\N,18,49635,322
3597917,3097760,8857,3,18869,247
3628046,3123406,9429,3,22022,252
3631405,3126254,27063,3,25733,319
4108958,3526095,9333,3,31033,247
4320947,3705427,\N,18,19751,74
24333,24966,87,2,22885,318
24333,24966,87,2,22885,318
63440,58787,87,2,22885,318
693944,614750,1786,2,30651,322
944130,831536,\N,5,14056,109
1142913,1001819,87,2,22885,318
1259873,1101698,\N,5,12221,217
1483178,1291121,87,2,22885,318
1649523,1430032,\N,5,378,289
1941648,1680366,\N,5,17189,73
3431257,2953818,\N,18,14681,6
3431518,2954060,\N,18,14681,6
3973863,3413311,\N,18,14682,6
7978,9458,1334,2,16632,317
30677,30594,1044,2,16523,321
32666,32042,107,2,2850,317
40577,38785,\N,12,12421,54
49574,46356,49,2,18090,6
49574,46356,49,2,18090,6
49574,46356,49,2,18090,6
49574,46356,49,2,18090,6
54150,50437,\N,12,10989,202
82850,75953,\N,18,28480,154
99699,90789,\N,18,24748,25
109156,98916,\N,5,7809,220
126053,113498,\N,5,7809,220
131887,118534,\N,18,21235,207
194024,174123,29,2,817,317
210830,189445,129,2,23742,6
211958,190505,\N,18,10973,334
215099,193364,40071,17,11948,\N
325667,292640,1567,2,21425,6
353898,317630,111,2,17284,242
504016,448623,3085,13,18647,248
601759,534828,2870,2,9692,259
637707,566344,3118,13,36385,247
647980,575249,154,2,14002,319
678782,601775,2211,13,34471,247
728119,644116,2233,2,15488,259
874752,771009,2058,2,37971,259
896222,790086,3290,13,36392,256
909432,801431,2434,2,26042,247
1214400,1062629,\N,18,2348,25
1250165,1093624,\N,5,38665,291
1282013,1121040,154,2,14002,319
1352637,1182154,1033,2,957,317
1352649,1182159,1033,2,957,317
1414863,1234360,2379,13,25220,247
1416202,1235484,2379,13,25220,247
1485106,1292652,\N,18,35143,54
1645528,1426719,1989,2,24800,247
1733809,1501229,3132,13,28315,247
1740446,1507059,3139,2,9344,247
1779084,1540563,\N,18,14681,297
1779084,1540563,\N,18,14681,297
1779084,1540563,\N,18,14681,297
1816851,1573163,129,2,48147,215
1902901,1647265,1033,2,957,317
1925423,1666394,1281,2,22363,6
1971798,1705945,\N,18,13563,168
2032625,1757002,154,2,14002,319
2154676,1860485,3252,13,43477,248
2157176,1862576,1894,2,24896,322
2159903,1864896,\N,12,8200,40
2197152,1896600,1356,2,16432,261
2220119,1916377,\N,18,35143,54
2339882,2017682,\N,5,15650,232
2339882,2017682,\N,5,15650,232
2350818,2026907,2654,2,14157,247
2358053,2033056,1774,2,9476,\N
2456889,2116622,3257,13,42444,247
2458465,2117985,3257,13,42444,247
2499034,2152241,2092,13,9276,252
2732385,2349855,3305,13,35016,252
2796207,2403804,1210,2,39346,242
2834072,2436491,3896,13,39701,247
2909578,2500932,42929,17,9391,\N
2979314,2562114,\N,5,15650,232
3453439,2973311,\N,18,14682,329
3460830,2979746,\N,5,19658,109
3461617,2902721,\N,18,18227,6
27524,27813,1377,2,10334,5
32571,31960,129,2,22123,6
32571,31960,129,2,22123,6
69463,64219,1377,2,10334,5
69662,64402,1377,2,10334,5
95238,86828,1377,2,10334,5
350974,314988,\N,5,22581,148
559198,497515,\N,5,18170,297
2014877,1742166,1377,2,38132,5
2355723,2031091,\N,5,6974,298
2355723,2031091,\N,5,6974,298
3106619,2672747,\N,5,13872,147
26635,27056,\N,18,9934,54
48152,45098,26858,3,20794,60
102353,93075,\N,18,35102,25
119985,108234,27063,3,17243,319
119997,108244,27063,3,17243,319
123857,111590,26858,3,29841,60
136162,122352,5912,3,22808,322
175635,157503,\N,18,27758,25
309293,277630,\N,18,33225,322
340183,305434,\N,18,30468,322
342087,307092,\N,18,30907,322
349960,314081,27031,3,1835,317
407899,364064,\N,18,37660,322
412290,368045,\N,18,21294,26
608898,540993,27813,3,24970,29
647606,574929,27031,3,1835,318
693599,614454,\N,18,30355,322
696917,617326,27031,3,1835,317
712591,630691,27031,3,1835,317
731469,647045,8751,3,34991,247
758453,670469,27063,3,25732,319
792533,699739,27813,3,29375,29
880976,776509,26858,3,2367,60
915611,806693,\N,18,37647,319
1047275,919670,27031,3,32735,317
1103641,968373,26858,3,23,60
1122933,984668,\N,18,2348,25
1123090,975663,\N,18,35179,60
1147275,1005528,27031,3,32735,317
1148422,1006483,27031,3,32735,317
1173547,1027595,27063,3,25732,319
1216572,1064589,643,3,918,6
1247170,1090934,\N,18,37647,322
1248505,1092140,\N,18,39804,322
1262138,1103618,\N,18,27782,25
1325846,1159140,\N,18,39111,319
1442062,1256916,9126,3,46239,247
1442821,1257607,\N,18,2348,25
1447022,1253258,\N,18,39794,322
1448861,1262656,\N,18,47816,322
1483106,1291056,27031,3,32735,317
1491720,1297692,27031,3,32735,317
1500940,1305102,\N,18,39804,322
1506882,1310319,643,3,7115,6
1541009,1338957,\N,18,23710,23
1724420,1493288,\N,18,44082,238
1799733,1558339,\N,18,9058,6
1807219,1564817,\N,18,14681,289
1836990,1590590,\N,12,10989,203
1852426,1603761,\N,18,34503,47
1854388,1605450,27031,3,32735,317
1867961,1617217,\N,18,27801,25
1901635,1646207,\N,18,39179,322
1913251,1656046,9108,3,8366,319
1978539,1711674,\N,18,51415,322
2272258,1960601,8956,3,44982,247
2344719,2021627,\N,18,38760,322
2377155,2049461,27031,3,42171,317
2607780,2244765,27031,3,42171,317
2646717,2278017,\N,18,13878,25
2655053,2284906,27679,3,44466,60
2759619,2373204,\N,18,27808,25
2862783,2461336,\N,18,23710,25
3233614,2782072,\N,18,55910,247
3255185,2800344,\N,18,14681,297
3314957,2852136,8791,3,48723,319
3344431,2877415,643,3,2623,6
3524668,3035815,\N,18,55910,247
3572131,3075684,27031,3,32735,317
3584085,3085760,\N,18,29911,73
3707198,3189876,\N,18,19153,25
3747108,3223030,\N,18,60464,247
4232170,3630725,\N,18,61984,73
1846,2532,\N,18,953,200
1853,2539,\N,18,953,271
96168,87621,26940,3,23198,57
158954,142486,26858,3,37857,60
170425,152808,26858,3,37857,60
187530,168256,26858,3,37857,60
712390,630521,\N,5,32065,288
866194,763505,\N,5,32065,288
1057678,928664,26858,3,38021,60
1062468,932721,26926,3,28094,60
1482522,1290550,8724,3,48257,253
1503096,1307003,35106,4,2879,\N
1647467,1428390,8724,3,41523,253
2153330,1859334,26858,3,27337,60
2448632,2109642,\N,18,49710,47
2555167,2200264,\N,5,19862,82
2638923,2271310,\N,18,14681,293
2671094,2298549,5031,3,18575,29
2802821,2409477,\N,18,14681,232
3256031,2801081,\N,18,14682,297
3280346,2822074,\N,18,14682,6
3280348,2822075,\N,18,14682,6
3348850,2881467,\N,18,14682,216
3419926,2943864,\N,18,14682,297
3431611,2954151,\N,18,14681,6
3508797,3021929,\N,18,14681,6
3539033,3047895,\N,18,14682,88
3744914,3221209,\N,18,14682,298
4003854,3437925,6514,3,47616,247
4033864,3462844,\N,18,14682,293
4260777,3655205,30383,3,12971,29
4261722,3656015,30383,3,12971,29
4263734,3657711,30383,3,16646,29
4305215,3692305,\N,18,45990,58
4342124,3723428,9140,3,56900,\N
9538,11014,27218,3,8733,6
35391,34286,129,2,22123,6
35391,34286,129,2,22123,6
51314,47894,11094,8,14618,74
54074,50222,2065,2,28585,238
189191,169756,27813,3,19898,26
243790,219088,\N,18,20428,85
251320,225948,12808,8,27451,277
387696,346281,\N,18,34872,36
617253,548090,\N,18,40630,25
620468,550963,\N,18,33593,21
684087,606319,1062,2,36090,238
697658,617943,\N,18,14058,36
771243,681329,1261,2,2623,6
900348,793598,12072,8,31095,215
937353,825521,\N,18,38764,322
944174,831584,\N,18,36984,73
981232,863082,\N,18,33593,21
1079267,947292,\N,18,33577,21
1235175,1080505,8886,3,34326,247
1470713,1280907,9033,3,36208,322
1543896,1341291,2625,2,6433,248
1662163,1440681,8886,3,34326,247
1922226,1663694,\N,18,33593,21
1943320,1681787,11866,8,30310,277
1973514,1707401,10909,8,10766,73
1995554,1726060,11866,8,30310,277
2100351,1814320,\N,5,15855,329
2226489,1750269,\N,18,40747,296
2275621,1955930,11577,8,27042,277
2473849,2131143,2031,2,20264,238
2532882,2181275,14726,8,4353,217
2542950,2189839,\N,18,40087,47
2671928,2299276,\N,8,834,326
2700357,2323121,1380,2,33251,238
2756517,2370666,11854,8,14447,221
2756518,2370666,11854,8,14447,221
2770807,2382612,\N,8,53346,6
2808408,2414462,1380,2,26404,238
2858864,2457868,\N,18,9058,6
3073162,2643065,20946,8,56801,205
3092178,2659679,\N,18,860,27
3200390,2753577,23,2,26775,319
3216140,2766794,3335,2,14157,248
3233506,2781991,2031,2,25378,238
3394069,2920859,1674,2,17018,322
3719445,3199897,1380,2,46277,238
3721101,3201254,23,2,26775,319
4291599,3680890,5053,3,28220,250
4302543,3690123,\N,18,60131,247
4355606,3734941,\N,18,21787,74
126044,113488,\N,5,7809,220
243699,219005,\N,18,14681,297
346193,310656,111,2,16176,242
462316,410902,1044,2,16523,321
677406,600538,\N,18,14681,291
927366,816766,\N,18,2348,25
939638,827548,75,2,30341,321
1373697,1200338,\N,18,1385,6
1755150,1519911,11831,8,29063,216
2118220,1829605,1323,2,818,319
2492668,2146937,111,2,19617,242
2638928,2271316,\N,18,14681,293
2691277,2315578,\N,18,32876,133
3258685,2803488,\N,5,53037,291
3416976,2941191,\N,18,14682,297
76500,70467,\N,18,25576,54
104652,95108,136,2,23813,6
1584320,1375315,1567,2,16320,6
1799087,1557793,41117,4,39501,\N
2027357,1746643,2400,2,40575,246
2323195,2003617,63,2,19409,317
2397208,2066338,2344,2,53509,167
3024130,2600828,1873,2,41209,322
3643213,3136246,61,2,57474,238
3987355,3424133,63,2,19409,317
4396863,3770020,\N,18,21471,207
7145,8556,26940,3,6246,57
165909,148711,\N,18,26470,25
221209,198520,\N,7,8278,\N
557419,495905,26940,3,17209,57
557419,495905,26940,3,17209,57
874278,770592,\N,18,40803,36
1290528,1128600,992,3,4751,321
1487906,1294864,9170,3,38063,253
1616309,1401682,9170,3,42368,253
2772324,2383900,8724,3,46897,253
7738,9193,40025,17,11398,\N
16079,17452,1949,2,17095,\N
31070,30773,39422,17,13299,\N
31541,31112,\N,7,22282,\N
32384,31821,129,2,22123,6
32384,31821,129,2,22123,6
34649,33597,129,2,22123,6
35391,34286,129,2,22123,6
35568,34446,129,2,22123,6
39714,38066,129,2,18562,6
39714,38066,129,2,18562,6
39817,38162,1400,2,768,317
42237,40265,1380,2,12313,238
45067,42279,129,2,22125,6
59033,54797,2022,2,11915,\N
69660,64400,2021,2,9915,\N
129399,116332,37353,17,16680,\N
187366,168091,\N,7,8469,\N
196579,176406,41197,17,30659,\N
268136,241028,1440,2,31029,254
294385,264470,2021,2,9772,\N
328328,295055,43397,17,14908,\N
356660,319927,2487,13,28711,247
368884,333022,2446,13,21052,247
468343,416275,2511,2,9266,247
868406,765429,2021,2,10718,\N
1028817,903987,38087,17,12751,\N
1401178,1222679,1036,2,8520,319
1528002,1328148,2021,2,10718,\N
1967005,1701930,41265,17,23665,\N
2208553,1906445,2092,13,9276,252
2383702,2055026,2048,2,10240,\N
3057972,2629930,3868,13,53705,247
3742121,3218901,2487,13,28711,247
3801225,3267395,2446,13,21052,247
3966258,3406822,2559,2,30541,247
3983183,3420726,2559,2,30541,247
4311168,3697277,3695,13,21054,247
4422020,3791772,2559,2,30541,247
11645,13067,26976,3,894,183
17100,18413,\N,18,8200,164
40675,38883,1334,2,19065,317
69204,63976,26858,3,24952,60
116321,105127,1261,2,918,6
196321,176166,\N,5,18784,205
350647,314682,1674,2,17883,322
599128,532510,1261,2,918,6
616854,547772,26976,3,894,183
760022,671824,153,2,36756,161
819010,722478,153,2,9411,161
1042921,916036,26858,3,17926,60
1355422,1184550,14307,8,32598,328
1359323,1187791,1261,2,10988,6
1386779,1210575,26976,3,894,183
1408561,1228948,\N,5,22716,329
1445161,1259524,26858,3,6776,60
1445877,1260100,\N,5,22160,6
1447676,1261629,26976,3,894,183
1524128,1324970,26858,3,6776,60
1526605,1327010,26976,3,894,183
1530957,1330630,26976,3,894,183
1559737,1354707,\N,18,24894,319
1800872,1559283,\N,18,14681,6
1825390,1580526,26976,3,894,183
1870144,1619096,1027,2,25455,319
2017914,1744610,26858,3,7170,60
2027357,1746643,2400,2,40575,246
2027357,1746643,2400,2,40575,246
2027357,1746643,2400,2,40575,246
2027357,1746643,2400,2,40575,246
2256163,1946964,1261,2,10988,6
2293978,1978969,\N,18,14681,6
2293978,1978969,\N,18,14681,6
2326154,2006129,2400,2,40575,246
2544047,2190781,26858,3,50888,60
2573967,2216417,\N,18,36086,24
2716666,2336877,1261,2,7115,6
2716666,2336877,1261,2,7115,6
2782008,2392069,26858,3,10297,60
3053601,2626005,\N,18,9058,6
3461226,2899995,\N,18,18227,6
3860954,3317595,\N,18,14681,6
4127507,3541502,1567,2,16320,6
64667,59874,1377,2,10334,5
178550,160120,161,2,7217,231
421546,375794,161,2,18230,232
549716,489013,161,2,18230,231
583682,510472,\N,18,29441,296
927601,816975,26858,3,878,58
1075863,944296,\N,5,16061,333
1940159,1678901,\N,5,17189,73
2506011,2158221,\N,5,11896,297
2729739,2347708,145,2,30493,60
2789444,2398132,\N,5,22137,73
52153,48658,\N,18,14681,333
65011,60198,95,2,15685,6
65035,60219,95,2,15685,6
75988,70040,\N,18,9062,322
86876,79533,154,2,14002,319
98612,89833,95,2,15685,6
119545,107968,\N,18,14681,297
225919,202739,\N,18,22763,25
230844,207295,41655,17,30124,\N
243891,219179,129,2,22126,6
408302,364398,154,2,8877,319
739432,654089,\N,18,14681,333
764697,675825,1261,2,41347,6
764700,675828,1261,2,41347,6
782930,691465,1261,2,41347,6
782930,691465,1261,2,41347,6
782930,691465,1261,2,41347,6
1779101,1540580,\N,18,14681,6
1904651,1648794,1261,2,41347,6
2269823,1958526,1261,2,42372,6
2536957,2184760,1567,2,26874,6
2831519,2434312,1033,2,958,317
3065515,2636509,1033,2,958,317
3206242,2758439,1033,2,957,317
3206242,2758439,1033,2,957,317
3737906,3215240,1249,2,22463,317
45758,42868,11221,8,15403,73
114919,103908,\N,18,25144,54
117556,106250,\N,18,19097,233
161067,144493,\N,18,28323,54
236329,212472,1674,2,18558,322
364920,329582,1492,2,20528,322
554339,493204,\N,18,28323,40
829751,731942,2535,2,35921,253
1027890,903170,1786,2,36384,322
1043129,916216,2168,2,23071,250
1118103,980644,2160,2,36470,259
1374233,1200786,1786,2,36209,322
1626747,1410372,1894,2,24896,322
1685168,1460038,2042,2,21827,259
2764478,2377191,\N,5,18784,202
3508286,3021518,\N,18,55922,89
40788,39002,1250,2,13801,321
47478,44509,5448,3,10821,247
50150,46877,1794,2,13084,248
250703,225436,8903,3,31389,247
265088,238257,8929,3,10879,247
804906,710399,9170,3,38063,253
1698535,1471188,1380,2,8313,238
1982066,1714679,\N,18,22817,40
2027357,1746643,2400,2,40575,246
2135356,1844134,26858,3,8891,60
2192653,1892708,29664,3,35550,242
2635001,2267949,8800,3,22364,247
3049058,2622002,643,3,918,6
3049058,2622002,643,3,918,6
3693126,3031521,\N,18,19497,247
3767333,3239482,\N,18,36623,247
3809649,3274576,4889,3,28897,247
3861455,3318021,643,3,10925,6
4268450,3661625,8857,3,18869,247
56867,52857,26976,3,894,183
91709,83806,\N,18,17627,54
187552,168276,26858,3,37857,60
187552,168276,26858,3,37857,60
187552,168276,26858,3,37857,60
229510,206049,\N,18,14681,297
245057,220353,\N,18,9058,6
415792,371094,\N,18,14681,88
622210,552508,26858,3,27337,60
1131544,992069,\N,18,36698,36
1131548,992069,\N,18,36698,36
1133905,994151,\N,18,39732,36
1138221,997853,\N,18,14681,6
1138221,997853,\N,18,14681,6
1141491,1000638,30888,3,16713,81
1181462,1034221,\N,18,36698,36
1304268,1140174,\N,18,7079,233
1386779,1210575,26976,3,894,183
1386779,1210575,26976,3,894,183
1446506,1260630,26976,3,894,182
1461636,1273248,26976,3,894,183
1807090,1564694,\N,18,14681,6
1807219,1564817,\N,18,14681,289
1807219,1564817,\N,18,14681,289
1807219,1564817,\N,18,14681,289
1807219,1564817,\N,18,14681,289
1807219,1564817,\N,18,14681,289
1807219,1564817,\N,18,14681,289
1807219,1564817,\N,18,14681,289
1807219,1564817,\N,18,14681,289
1966590,1701583,26976,3,894,183
1966590,1701583,26976,3,894,183
2218703,1915165,27190,3,22449,161
2330695,2009950,26976,3,894,183
2636376,2269114,\N,18,14681,6
2910641,2501900,\N,18,14682,88
3099880,2666492,\N,5,13872,108
3166447,2724341,27006,3,25203,161
3511682,3024395,24,3,1228,5
3528193,3038702,\N,18,9058,6
3591083,3091793,\N,18,9058,6
3676817,3164266,\N,18,9058,6
3845974,3305108,\N,18,14681,203
3851410,3309640,\N,18,14682,207
3858908,3315897,\N,18,9058,6
3860952,3317592,\N,18,14681,6
4065177,3489200,\N,18,14681,6
4299343,3687512,\N,18,14681,207
45900,42979,1261,2,6783,6
807416,712566,1164,2,23603,154
1659578,1438242,\N,18,8082,73
1779097,1540576,\N,18,14681,297
1779097,1540576,\N,18,14681,297
2054570,1775653,\N,18,12071,73
2260134,1950271,1033,2,957,317
3521502,3033074,\N,18,12827,73
3621989,3118268,11770,8,27042,277
3692590,3177519,1033,2,964,317
3692595,3177522,1033,2,964,317
3954711,3397173,1033,2,964,317
4100512,3518965,\N,18,12827,73
4203288,3605833,1033,2,964,317
4213128,3614333,\N,5,37455,73
68587,63389,\N,18,14681,88
421447,375733,\N,18,34508,47
430586,383359,\N,18,27843,47
430586,383359,\N,18,27843,47
430586,383359,\N,18,27843,47
459646,408647,\N,18,34508,47
747958,661320,\N,18,27843,47
1271112,1111367,\N,18,27843,47
2356782,2031969,\N,18,25260,47
2785305,2394728,129,2,42272,6
2894206,2487908,1261,2,2623,6
41423,39556,4881,3,15040,240
649132,576261,\N,12,18103,54
882346,777689,\N,18,10989,6
882346,777689,\N,18,10989,6
981521,863333,\N,5,15855,89
1129849,990592,\N,18,2003,40
1561626,1356237,8954,3,7000,247
1837001,1590601,\N,12,10989,6
2479996,2136140,30383,3,34475,26
3166820,2724689,\N,18,36245,47
3539841,3048417,\N,18,36243,47
3863322,3319597,23,2,21659,\N
13715,15111,26858,3,2092,60
26671,27088,\N,18,10989,292
66117,61161,27190,3,9076,161
72086,66558,26940,3,6246,57
1252593,1095804,\N,18,10989,6
1443129,1257882,\N,18,25260,47
1572490,1365306,26976,3,887,183
1787055,1547613,\N,18,10989,291
1887438,1633985,\N,18,10989,6
4377799,3753631,\N,18,14682,6
10912,12353,\N,18,1148,277
19219,20351,\N,12,10986,232
32571,31960,129,2,22123,6
50848,47468,\N,12,10989,326
58258,54114,1862,2,27218,238
74258,68457,\N,12,22582,40
81389,74685,\N,12,10989,107
96192,87644,\N,18,25260,47
108136,98164,\N,12,10989,291
108136,98164,\N,12,10989,291
114711,103725,38074,17,9096,\N
158336,141980,\N,18,28446,40
177506,159191,154,2,14002,319
210823,189440,\N,18,7273,322
383839,342912,34138,5,11985,73
582085,517674,44235,17,15813,\N
641770,569805,42985,17,14186,\N
746898,660415,39519,17,32974,\N
803212,708965,\N,18,37355,322
889098,783659,1751,2,27955,238
889379,783898,\N,18,10699,322
946388,833525,\N,12,10986,328
1002034,880852,\N,18,10699,322
1020931,897264,35420,17,10819,\N
1066098,935907,\N,18,37357,322
1307205,1142938,\N,12,10989,6
1466582,1277394,\N,18,40293,36
1475534,1284985,\N,18,17281,247
1525005,1325668,\N,12,22237,54
1566967,1360617,\N,12,10986,205
1583375,1374495,\N,5,10568,296
1949461,1687060,42050,17,51018,\N
2027357,1746643,2400,2,40575,246
2353377,2029118,\N,12,10986,6
2383273,2054677,\N,5,8440,297
2611191,2247606,2400,2,40575,246
2736112,2352939,39519,17,38079,\N
2801457,2408244,\N,12,1148,277
3134243,2696626,43320,17,15612,\N
3256449,2801471,\N,12,24922,86
3303986,2842521,\N,5,22298,292
3787421,3256169,\N,12,10989,6
3849326,3307901,\N,12,149,26
3856576,3313959,37933,17,7516,\N
32571,31960,129,2,22123,6
86337,79026,1769,2,13792,319
86337,79026,1769,2,13792,319
96824,88224,1769,2,13792,319
96824,88224,1769,2,13792,319
96824,88224,1769,2,13792,319
255034,229380,\N,18,8037,322
282418,254157,\N,18,10698,322
335891,301614,1828,2,24861,322
515146,458242,129,2,22126,6
654306,581019,1674,2,15393,322
736043,651055,1261,2,6783,6
1120660,982771,\N,18,14681,297
1401244,1222742,\N,18,14681,297
1909879,1653208,\N,18,14681,88
2230894,1925694,\N,18,14682,329
3016813,2594554,\N,16,33034,\N
3072255,2642300,1261,2,6783,6
3349471,2882026,\N,18,14681,88
3896411,3347203,\N,18,14682,216
81529,74798,\N,18,10989,88
168006,150598,\N,5,20162,289
202918,182244,1261,2,2623,6
269322,242135,\N,5,22137,6
332897,299060,\N,5,22137,6
528037,469712,\N,18,33237,248
629033,558533,\N,5,11896,297
690459,611735,\N,18,39110,319
882327,777670,\N,18,10989,6
897445,791105,1261,2,10988,6
1405653,1226459,\N,18,14681,88
1463085,1274501,\N,18,14681,292
2498296,2151621,1810,2,21095,319
3011792,2590258,\N,5,19658,73
3415457,2939842,\N,5,22137,73
2314,3027,29,2,817,317
4536,5555,\N,18,1264,168
11470,12904,129,2,20029,6
15642,17026,116,2,15218,317
15761,17143,116,2,15218,317
15761,17143,116,2,15218,317
15761,17143,116,2,15218,317
15761,17143,116,2,15218,317
15761,17143,116,2,15218,317
15761,17143,116,2,15218,317
15761,17143,116,2,15218,317
15761,17143,116,2,15218,317
15761,17143,116,2,15218,317
15761,17143,116,2,15218,317
15761,17143,116,2,15218,317
15761,17143,116,2,15218,317
15761,17143,116,2,15218,317
15761,17143,116,2,15218,317
21851,22724,63,2,19409,317
21852,22725,63,2,19409,317
21852,22725,63,2,19409,317
21852,22725,63,2,19409,317
24864,25468,116,2,15218,317
24864,25468,116,2,15218,317
24866,25470,116,2,15218,317
24866,25470,116,2,15218,317
24867,25471,116,2,15218,317
24867,25471,116,2,15218,317
24867,25471,116,2,15218,317
24867,25471,116,2,15218,317
24867,25471,116,2,15218,317
24867,25471,116,2,15218,317
24867,25471,116,2,15218,317
29606,29604,111,2,17284,242
32384,31821,129,2,22123,6
33194,32522,129,2,16526,6
34649,33597,129,2,22123,6
37605,36260,129,2,24999,6
49309,46114,1894,2,24524,322
51427,48015,116,2,15218,317
51438,48025,116,2,15218,317
54150,50437,\N,12,10989,202
92736,84661,1268,2,1295,5
108125,98153,\N,12,10989,297
108133,98161,\N,12,10989,291
112971,102200,129,2,16526,6
125308,112866,1064,2,33664,242
128331,115519,111,2,16176,242
135978,122195,63,2,8380,317
194906,174901,\N,5,22255,86
223719,200769,\N,18,953,271
307564,276148,129,2,20029,6
416289,371547,129,2,16526,6
416799,371973,1064,2,32564,242
422616,376642,\N,18,955,173
540615,480893,63,2,19409,317
540698,480971,63,2,19409,317
541008,481264,63,2,8380,317
563265,500842,129,2,22354,6
577196,513325,111,2,17284,242
620303,550818,63,2,8380,317
640995,569177,154,2,14002,319
710024,628583,1261,2,41347,6
725592,641925,129,2,20029,6
789729,697298,1261,2,41347,6
1037290,911104,63,2,19409,317
1037290,911104,63,2,19409,317
1037290,911104,63,2,19409,317
1040048,913538,\N,12,13855,54
1141120,1000347,111,2,24082,242
1184952,1037268,1261,2,41347,6
1240582,1085199,116,2,15218,317
1240582,1085199,116,2,15218,317
1240582,1085199,116,2,15218,317
1351835,1181491,1064,2,30332,242
1362136,1190160,1250,2,43543,321
1386236,1210141,1050,2,44008,321
1516323,1318301,63,2,19409,317
1516323,1318301,63,2,19409,317
1516323,1318301,63,2,19409,317
1516323,1318301,63,2,19409,317
1516323,1318301,63,2,19409,317
1516323,1318301,63,2,19409,317
1516323,1318301,63,2,19409,317
1523708,1324614,1064,2,30332,242
1571537,1364567,111,2,14483,242
1583375,1374495,\N,5,10568,296
1680858,1456486,63,2,8380,317
1681016,1456627,63,2,8380,317
1886506,1633169,129,2,16526,6
1979949,1712840,1064,2,33664,242
1981328,1714079,111,2,24082,242
1983645,1716027,111,2,24082,242
1983646,1716028,111,2,24082,242
2013554,1741105,116,2,15218,317
2020531,1746742,111,2,17284,242
2059903,1780165,63,2,8381,317
2185085,1886342,116,2,15218,317
2218275,1914803,63,2,19409,317
2253968,1945149,111,2,45846,242
2308955,1991697,1674,2,17018,322
2761617,2374826,111,2,17284,242
2803344,2409905,111,2,17284,242
2825309,2428939,111,2,17284,242
2851531,2451456,1469,2,41968,21
2863116,2461631,116,2,15218,317
2899831,2492668,1064,2,48030,242
2937041,2525228,111,2,17284,242
2956427,2542055,3094,2,39247,248
2960561,2545473,\N,12,18086,200
3003236,2583070,91,2,10863,161
3038094,2612641,3475,13,11936,247
3189250,2743760,2400,2,38357,246
3378928,2907813,1261,2,2623,6
3481899,2998518,111,2,24082,242
3484331,3000604,111,2,24082,242
3555012,3061054,111,2,24082,242
3555012,3061054,111,2,24082,242
3654599,3145958,\N,12,8371,54
3740998,3217941,1469,2,41955,21
3749169,3224705,111,2,57380,242
4065967,3489859,\N,12,10999,26
24333,24966,87,2,22885,318
24687,25312,161,2,16582,231
49891,46642,\N,18,25963,111
50244,46957,1377,2,10334,5
51508,48090,\N,18,25961,116
64667,59874,1377,2,10334,5
64667,59874,1377,2,10334,5
64667,59874,1377,2,10334,5
72773,67139,1377,2,10334,5
157127,140866,1370,2,1132,319
433126,385534,1674,2,18492,322
759812,671657,1370,2,28569,319
1134071,994305,2435,13,1049,252
1371132,1198117,36256,17,38079,\N
1390120,1213400,87,2,22885,318
1742192,1508571,\N,18,21078,25
2242380,1935505,58,2,9143,6
2490923,2145469,2103,2,52193,322
2494108,2148132,2103,2,52193,322
2494108,2148132,2103,2,52193,322
2499093,2152302,\N,8,631,292
2516876,2167446,1377,2,10334,277
2516876,2167446,1377,2,10334,277
2772620,2384145,1370,2,39232,319
2785305,2394728,129,2,42272,6
2799737,2406770,\N,5,18933,147
2808726,2414740,1574,2,10115,322
2851107,2451117,58,2,14689,6
3009189,2588054,2103,2,52193,322
3055049,2627331,2684,13,30795,247
3056943,2629040,1894,2,24524,322
3203408,2756152,2103,2,52193,322
3329974,2864795,1828,2,40762,322
3515449,3027782,164,2,41149,320
3534731,3044285,1377,2,10334,5
3872503,3327076,1849,2,56646,317
4086109,3506943,\N,18,27045,207
4404509,3776660,\N,18,14681,6
4422022,3791773,\N,18,27045,207
37298,36050,1377,2,10334,5
37298,36050,1377,2,10334,5
66766,61745,23,2,19369,319
127109,114418,\N,18,10698,322
421447,375733,\N,18,34508,47
430586,383359,\N,18,27843,47
1116981,979687,\N,18,34503,47
1145367,1003786,\N,18,27843,47
1147498,1005714,83,2,17580,321
1299261,1136097,\N,18,955,171
1363622,1191453,1507,2,29359,322
2410080,2076961,\N,18,27090,27
2639577,2271868,\N,18,14682,88
2878871,2474920,1849,2,52036,317
2878871,2474920,1849,2,52036,317
2937658,2525747,1849,2,52036,317
2947376,2534292,1234,2,11990,321
2997877,2578393,82,2,18664,319
3240215,2787416,1849,2,55719,317
3240215,2787416,1849,2,55719,317
3261595,2806031,\N,18,955,173
3298115,2837545,\N,18,40090,47
3305866,2844064,1604,2,22872,319
3306873,2844942,\N,18,26006,47
3377655,2906680,\N,18,953,126
3402864,2928524,\N,18,953,171
3433017,2955394,\N,18,40090,47
3502724,3016679,\N,18,22897,47
3526110,3037057,2400,2,52457,246
3527077,3037862,\N,18,14681,86
3527816,3038406,\N,18,27843,47
3548805,3055734,82,2,18664,319
3548805,3055734,82,2,18664,319
3580263,3082533,\N,18,1264,54
3590489,3091249,\N,18,40090,47
3596850,3096828,\N,18,27843,47
3661229,3151377,129,2,18562,6
3666088,3155293,\N,18,40090,47
3692590,3177519,1033,2,964,317
3716439,3170354,\N,18,34504,47
3793660,3261268,111,2,14024,242
3831527,3292787,136,2,8272,6
3851260,3309523,1249,2,46137,317
3856368,3313778,\N,18,14681,6
3859029,3315988,\N,18,14682,205
3934184,3379704,\N,18,36243,47
3963713,3404751,\N,18,14682,6
3971869,3411611,\N,18,14682,6
4013730,3446097,\N,18,14681,6
4023532,3454403,1849,2,55719,317
4023790,3454626,\N,18,14681,6
4033731,3462736,\N,5,23581,89
4037325,3465754,\N,5,19683,109
4050930,3477091,1249,2,46137,317
4054696,3480246,1849,2,57777,317
4148611,3559101,\N,18,9058,6
4165573,3573521,1849,2,57777,317
4206579,3608709,\N,18,14682,219
4291385,3680682,1033,2,958,317
4291893,3681107,1033,2,958,317
4324505,3708466,\N,18,13558,296
7400,8817,1400,2,768,317
13411,14836,58,2,15762,6
14197,15580,58,2,15762,6
53636,49966,1261,2,6783,6
112152,101478,\N,18,34505,47
122388,110271,1370,2,16322,319
122388,110271,1370,2,16322,319
146787,131806,1370,2,16322,319
178995,160504,1370,2,16322,319
245056,220351,\N,18,9058,6
262543,236189,1370,2,1132,319
560236,498325,1334,2,24271,317
586466,521466,1370,2,16322,319
587785,522496,1370,2,16322,319
625529,555472,1370,2,1132,319
626328,556177,1370,2,1132,319
709564,628191,1810,2,24738,319
1306395,1142215,\N,18,27843,47
1485577,1293055,1567,2,34461,6
2361415,2036002,1261,2,6783,6
18263,19463,\N,18,17597,40
22850,23624,1076,2,18422,54
45360,42530,36575,4,11486,\N
46685,43737,\N,18,5883,40
76500,70467,\N,18,25576,54
77257,71140,1377,2,10334,5
79575,73165,\N,18,23980,54
80038,73536,\N,18,24962,54
80038,73536,\N,18,24962,54
91582,83723,\N,18,9061,54
91582,83723,\N,18,9061,54
92098,84118,134,2,19757,322
103346,93905,\N,18,9061,54
120599,108769,1828,2,27394,322
121901,109844,1828,2,27394,322
159312,142820,\N,18,8371,54
226837,203604,1261,2,10987,6
270745,243485,\N,12,20934,302
304118,273087,\N,18,13732,6
304118,273087,\N,18,13732,6
317786,285481,\N,8,1430,\N
363020,327895,1828,2,19429,322
430586,383359,\N,18,27843,47
548859,488265,1674,2,15398,322
746576,660123,1452,2,31931,322
766519,677343,1786,2,30523,322
791040,698425,1786,2,36384,322
987685,868542,1862,2,21109,238
1072798,941625,15564,8,41376,277
1234158,1079628,1828,2,24859,322
1428472,1245632,1786,2,30651,322
1456754,1269255,1261,2,918,6
1621324,1405903,1064,2,39252,242
1659027,1437975,1261,2,7115,6
1662565,1441020,\N,18,13732,6
1662565,1441020,\N,18,13732,6
1662670,1441117,\N,18,13732,88
1705570,1477145,1873,2,31365,322
1881657,1628918,\N,7,5959,\N
1968225,1702957,58,2,14689,6
1973427,1707317,2258,2,45038,322
2028470,1753555,1786,2,39500,322
2089329,1805013,1674,2,12801,322
2263678,1953304,1674,2,23059,322
2343100,2020370,29433,2,20377,238
2569455,2212622,39519,17,36428,\N
2615511,2251313,\N,18,23979,54
2631381,2264917,1786,2,39500,322
2705042,2327228,42613,4,320,\N
2768489,2380656,2258,2,48607,322
2777463,2388306,\N,18,21383,54
2848316,2448734,\N,18,23980,54
2854673,2454179,1873,2,49154,322
2907622,2499285,2258,2,31373,322
2958444,2543707,1828,2,53393,322
2967431,2551307,1755,2,18512,322
2980164,2562905,1786,2,30523,322
2984741,2567127,1674,2,17883,322
3012723,2591020,\N,18,34061,176
3032431,2607893,1261,2,918,6
3136704,2698685,\N,18,9301,322
3138510,2700264,\N,18,9301,322
3170804,2728252,\N,18,23980,54
3171388,2728728,1836,2,20049,322
3222934,2772906,2258,2,34813,322
3251622,2797281,\N,18,10699,322
3486657,3002651,2400,2,40575,246
3487091,3003025,2258,2,48607,322
3617414,3114255,2400,2,38357,246
3644228,3137134,\N,18,13732,6
3660940,3151153,\N,18,24894,319
3796716,3263778,2400,2,40575,246
3862214,3318701,\N,18,18088,25
3919207,3366834,\N,18,10698,322
2071,2776,1334,2,8058,317
5117,6326,\N,18,2807,200
6831,8235,\N,5,62,1
9904,11354,1323,2,818,319
12838,14271,140,2,10690,317
12838,14271,140,2,10690,317
12838,14271,140,2,10690,317
15467,16853,23,2,6283,319
15953,17330,154,2,8878,319
16470,17820,1261,2,10925,6
31279,30968,1769,2,13792,319
37298,36050,1377,2,10334,5
39906,38241,1377,2,10581,5
40027,38336,1447,2,24691,238
47512,44540,1377,2,10334,5
47512,44540,1377,2,10334,5
48879,45747,1892,2,21298,319
50485,47155,1447,2,24691,238
57976,53858,154,2,8878,319
57976,53858,154,2,8878,319
59808,55477,1261,2,6783,6
63272,58628,1261,2,6783,6
69592,64337,128,2,16473,317
82891,75991,1220,2,24416,116
96310,87755,23,2,34275,319
133060,119569,2147,2,25761,238
133060,119569,2147,2,25761,238
146787,131806,1370,2,16322,319
146787,131806,1370,2,16322,319
168186,150746,23,2,19574,319
168570,151097,23,2,19574,319
168570,151097,23,2,19574,319
168570,151097,23,2,19574,319
168570,151097,23,2,19574,319
169245,151735,2751,2,35587,238
182928,164046,1326,2,4751,321
274916,247455,1261,2,2623,6
355069,318608,1305,2,13863,319
394007,351850,1383,2,20509,317
446827,397279,2727,2,40900,238
477063,424394,1766,2,36780,319
525935,467827,11533,8,26622,327
550021,489276,\N,18,6621,133
554698,493532,1766,2,33097,319
599699,532988,\N,18,9058,6
599699,532988,\N,18,9058,6
618634,549321,1334,2,29079,317
628516,558078,1679,2,36008,317
636899,565613,107,2,2850,317
636899,565613,107,2,2850,317
640995,569177,154,2,14002,319
671428,595361,154,2,8877,319
706483,625610,1370,2,37904,319
716537,634072,1261,2,41347,6
749133,662369,14098,8,37095,328
752860,665577,1447,2,24691,238
944877,832217,128,2,16473,317
1150677,1008001,154,2,8877,319
1215795,1063903,\N,18,14681,6
1251212,1094570,\N,18,14681,288
1252062,1095314,129,2,20033,6
1329083,1161957,154,2,8878,319
1394359,1216950,128,2,16473,317
1394359,1216950,128,2,16473,317
1471925,1281925,\N,18,9058,6
1473500,1283221,1766,2,42161,319
1473500,1283221,1766,2,42161,319
1482156,1290288,1766,2,36608,319
1501635,1305713,1766,2,37258,319
1574731,1367165,1766,2,42161,319
1611310,1397513,1766,2,37959,319
1629662,1412856,1334,2,29079,317
1634872,1417253,1032,2,18408,238
1662670,1441117,\N,18,13732,88
1668098,1445560,1234,2,11990,321
1686641,1461276,1766,2,37254,319
1687281,1461785,1766,2,39099,319
1687783,1462174,1766,2,39099,319
1736232,1503344,2065,2,32762,238
1762422,1526064,1766,2,17442,319
1787524,1547986,1766,2,33097,319
1836220,1589886,1766,2,34448,319
1855345,1606296,16570,8,46486,73
1920006,1661836,1766,2,37258,319
1959498,1695497,1334,2,28143,317
1965989,1701040,1766,2,17442,319
1970526,1704864,1766,2,42134,319
2058872,1779335,63,2,19409,317
2100129,1814119,23,2,34275,319
2122965,1833568,\N,5,14056,73
2148660,1855385,2451,2,35175,238
2149748,1856256,3499,2,51009,238
2163375,1867806,1261,2,7026,6
2163375,1867806,1261,2,7026,6
2163375,1867806,1261,2,7026,6
2169565,1873025,\N,18,7976,25
2227797,1922909,\N,18,41740,36
2289557,1975136,\N,18,25144,54
2298630,1982913,\N,8,46633,291
2334278,2012986,2147,2,50460,238
2376241,2048674,\N,18,36228,176
2393437,2063219,1032,2,18408,238
2497153,2150638,1224,2,17490,319
2500679,2153647,2727,2,40900,238
2501649,2154467,1531,2,22965,319
2518188,2168582,3215,2,53612,238
2540323,2187671,\N,18,7678,25
2546264,2192622,3215,2,53612,238
2548898,2194867,3294,2,53611,238
2804198,2410729,\N,18,14681,6
2892593,2486539,3294,2,53611,238
2897982,2491097,3499,2,51009,238
2927855,2517168,1810,2,36976,319
2966538,2550551,\N,18,953,133
2980913,2563595,\N,5,14668,147
3083251,2651870,\N,5,20817,202
3088380,2656397,\N,5,15515,73
3135943,2698012,\N,8,631,292
3189638,2744099,\N,5,13633,217
3263739,2807803,23,2,1479,319
3267184,2810686,3740,2,54968,238
3280170,2821922,3740,2,54282,238
3304403,2842869,3740,2,54280,238
3319579,2855986,1370,2,41656,319
3457257,2976617,\N,5,12465,217
3460830,2979746,\N,5,19658,109
3464419,2982910,23,2,34274,319
3480550,2997305,\N,5,7283,220
3508003,3021288,\N,18,14682,326
3524324,3035535,29433,2,32963,238
3539816,3048399,\N,18,14682,88
3586993,3088232,1370,2,16322,319
3597904,3097749,80,2,10686,238
3642298,3135558,23,2,34275,319
3665966,3155191,23,2,34275,319
3665966,3155191,23,2,34275,319
3683031,3169446,3286,2,56292,319
3696365,3180601,1032,2,18408,238
3745209,3221450,40024,4,52921,\N
3752910,3227665,1370,2,1132,319
3777111,3247753,13953,8,10725,217
3821697,3284460,23,2,19574,319
3849310,3307889,23,2,57383,319
3858825,3315830,1261,2,19056,6
3877668,3331385,1032,2,18408,238
3881020,3334196,23,2,34277,319
3944848,3388757,1261,2,10988,6
3997730,3432706,1261,2,7026,6
4002206,3436496,23,2,57169,319
4081812,3503231,\N,18,14682,6
4178123,3584305,23,2,34275,319
4410659,3781958,1810,2,28074,319
4414716,3785473,1810,2,28074,319
11526,12953,6514,3,5202,247
42830,40770,\N,18,14360,205
47512,44540,1377,2,10334,5
47569,44591,1377,2,24975,5
173448,155578,1540,2,23675,255
187448,168175,\N,18,8385,6
362344,327258,\N,18,28635,28
430299,383106,1753,2,7272,322
696896,617306,\N,18,8385,6
1779097,1540576,\N,18,14681,297
2228265,1923329,1356,2,10432,261
2554038,2199303,8724,3,33233,253
2773130,2384582,8724,3,48269,253
2807564,2413721,2400,2,54222,246
3386111,2913901,8895,3,51362,247
4204159,3606643,9500,3,36742,248
4321223,3705656,9404,3,61915,253
3927,4979,\N,12,1148,277
9279,10767,1759,2,18523,238
15048,16461,63,2,19409,317
24333,24966,87,2,22885,318
38201,36744,\N,12,20714,300
63440,58787,87,2,22885,318
81234,74563,143,2,13295,317
93928,85620,1036,2,8520,319
94024,85594,1036,2,8520,319
94024,85594,1036,2,8520,319
108745,98569,1036,2,8520,319
119718,108094,1036,2,8520,319
142680,128157,1036,2,8520,319
142719,128197,1036,2,8520,319
142782,128260,1036,2,8520,319
153653,137771,\N,18,27346,54
161121,144535,\N,18,8200,40
196062,175962,\N,5,10568,296
213021,191503,\N,5,22298,288
230303,206776,41655,17,30122,\N
242777,218134,\N,18,33577,21
303782,272769,\N,18,25911,200
398735,356115,1828,2,31307,322
441462,392680,87,2,22885,318
441518,392725,87,2,22885,318
466172,414238,\N,18,23131,25
548329,487786,\N,5,33900,82
562802,500457,1674,2,17018,322
563408,500963,\N,18,16184,200
873818,770192,2258,2,32103,322
945937,833173,1351,2,41987,322
1104365,969007,1786,2,36209,322
1143149,1001982,87,2,22885,318
1309891,1145338,1828,2,16774,322
1337100,1168849,\N,18,105,317
1366494,1193944,87,2,22885,318
1401178,1222679,1036,2,8520,319
1403674,1224831,1036,2,8520,319
1416330,1235583,\N,18,46016,47
1483678,1291547,1873,2,31365,322
1540530,1338552,1751,2,27955,238
1544592,1341820,87,2,22885,318
1626899,1410507,87,2,22885,318
1662256,1440755,1567,2,16320,6
1695685,1468846,1567,2,16320,6
1704380,1476175,\N,18,24035,74
1782609,1543744,63,2,8381,317
1877278,1625240,119,2,24033,322
1897484,1642652,10909,8,10766,73
1934638,1674190,63,2,8381,317
2027356,1746643,2400,2,40575,246
2027356,1746643,2400,2,40575,246
2027357,1746643,2400,2,40575,246
2027357,1746643,2400,2,40575,246
2027357,1746643,2400,2,40575,246
2027357,1746643,2400,2,40575,246
2059891,1780154,63,2,8381,317
2134387,1843331,2400,2,38357,246
2183068,1884574,33320,5,2204,73
2192811,1892860,2135,2,24117,250
2211664,1909199,2887,2,31074,252
2227216,1922426,1786,2,36384,322
2227216,1922426,1786,2,36384,322
2265538,1954892,\N,18,25911,203
2273978,1962070,2171,2,46499,322
2288187,1973953,\N,5,11931,295
2310182,1992722,1894,2,24896,322
2325978,2005975,2258,2,48608,322
2356085,2031401,\N,5,11931,297
2356085,2031401,\N,5,11931,297
2547444,2193626,3109,2,27279,247
2569753,2212877,1404,2,34007,2
2581914,2223258,2258,2,31373,322
2614324,2250276,146,2,38038,230
2620131,2255293,1036,2,8520,319
2620131,2255293,1036,2,8520,319
2623707,2258347,1894,2,24896,322
2715094,2335519,\N,18,27818,74
2839827,2441330,1873,2,31365,322
2839829,2441330,1873,2,31365,322
2918640,2509142,\N,5,11931,295
2966435,2550461,1828,2,40762,322
2997194,2577804,1894,2,24524,322
3062242,2633739,2887,2,52261,247
3148941,2709074,2400,2,40575,246
3346980,2879763,1786,2,44699,322
3629285,3124449,2400,2,40575,246
3640713,3134157,2258,2,48608,322
3768179,3240241,\N,18,25998,26
3777983,3248469,1828,2,40762,322
3914483,3362690,87,2,58611,318
3914779,3362912,87,2,58611,318
4049499,3475912,1567,2,16320,6
1852,2538,\N,5,7278,6
69319,64080,\N,18,30825,322
69339,64099,27063,3,17243,319
82261,75437,8518,3,31462,21
91934,83984,8518,3,28661,21
91935,83984,8518,3,28661,21
112831,102085,8518,3,31462,21
203686,182889,\N,18,5883,40
342087,307092,\N,18,30907,322
417690,372742,\N,18,2003,40
459150,408222,31844,3,32717,321
654508,581187,27031,3,1835,317
882344,777688,\N,18,10989,297
882344,777688,\N,18,10989,297
1130294,990980,\N,18,2003,40
1357926,1186619,\N,18,10955,238
1363755,1191575,\N,5,22716,99
1395359,1217797,\N,18,39177,322
1407202,1227777,\N,18,14421,289
1624389,1408433,8828,3,32505,247
1671327,1448362,8988,3,41525,253
1881449,1628742,\N,18,10990,6
2037496,1761133,189,3,22963,329
2189107,1889712,26940,3,23197,57
2215670,1912585,27031,3,32735,317
2370176,2043552,643,3,7026,6
2504224,2156639,29664,3,34377,242
2573071,2215674,27031,3,42171,317
2844004,2444998,992,3,4751,321
2844004,2444998,992,3,4751,321
3074482,2644255,8518,3,35952,21
3084307,2652815,\N,5,52469,202
3096193,2663246,27031,3,42171,317
3263932,2807952,27031,3,32735,317
3333445,2867903,27063,3,28091,319
3447833,2968433,\N,18,4659,230
3731363,3209764,\N,18,10955,238
4089042,3509332,\N,18,39111,319
4097183,3516142,\N,18,24894,319
