time,user_id,creative_id,click_times
43,1,71691,1
52,1,90171,1
40,1,122032,1
20,1,209778,1
20,1,821396,1
20,1,877468,1
39,1,1683713,1
46,1,1940159,1
60,1,2087846,1
73,1,2456345,1
64,1,2456345,1
64,1,3068256,1
76,1,3592928,2
28,2,13069,1
87,2,15558,2
87,2,22013,1
14,2,39714,1
10,2,63441,1
44,2,96192,1
11,2,155822,1
49,2,157180,1
49,2,396652,1
28,2,441462,1
88,2,513298,1
17,2,609050,1
90,2,625944,1
53,2,647980,1
67,2,738378,1
39,2,769749,1
41,2,1074235,1
42,2,1145367,1
44,2,1145367,1
42,2,1252062,1
28,2,1266180,1
77,2,1416518,1
38,2,1657530,1
42,2,1662244,1
49,2,1696925,1
38,2,1696925,1
49,2,2085566,1
48,2,2085566,1
60,2,2108551,1
53,2,2143574,1
85,2,2270719,1
51,2,2369339,1
53,2,2489057,1
55,2,2496722,1
53,2,2552139,1
59,2,2624965,1
60,2,2785305,1
60,2,2862407,1
73,2,2995416,1
68,2,3246898,1
72,2,3443654,1
78,2,3574990,1
77,2,3765766,1
77,2,3766271,1
89,2,4194247,1
50,3,66009,1
37,3,72533,1
19,3,392052,1
14,3,593522,1
75,3,599128,1
12,3,661347,1
14,3,710859,1
17,3,726940,1
13,3,808612,1
14,3,825434,1
31,3,862241,1
44,3,1014211,1
22,3,1173863,1
36,3,1725184,1
50,3,1899318,1
86,3,2032927,1
47,3,2073029,1
51,3,2081930,1
47,3,2198902,1
53,3,2502798,1
88,3,2556703,1
80,3,2816845,1
74,3,3255755,1
69,3,3386299,1
70,3,3403177,1
78,3,3491821,1
77,3,3560473,1
86,3,3581615,1
77,3,3684862,1
77,3,3696597,1
48,4,31070,1
8,4,39588,1
61,4,72989,1
84,4,215041,1
41,4,574787,1
15,4,589886,1
59,4,765502,1
64,4,1003974,1
62,4,1150678,1
48,4,1230094,1
62,4,1457862,1
69,4,1706276,1
44,4,1892854,1
48,4,1962706,1
52,4,2189510,1
48,4,2264105,1
49,4,2348342,1
62,4,2482695,1
58,4,2697265,1
58,4,2728508,1
63,4,2741116,1
69,4,2800679,1
62,4,2800740,1
62,4,2907196,1
64,4,2928770,1
84,4,2965543,1
62,4,3029703,1
84,4,3321332,1
84,4,4039445,1
14,5,24333,1
15,5,43235,1
27,5,75011,1
3,5,296145,1
13,5,350759,1
35,5,795508,1
20,5,852327,1
29,5,883622,1
21,5,1054434,2
28,5,1203465,1
25,5,1248711,1
24,5,1296456,1
56,5,1384893,1
30,5,1416283,1
32,5,1470226,1
32,5,1471015,1
35,5,1635471,1
50,5,2234921,1
48,5,2255072,1
75,5,2324908,1
53,5,2326983,1
56,5,2386115,1
51,5,2404279,1
53,5,2523207,1
54,5,2570929,1
56,5,2725485,1
60,5,2748493,1
63,5,3042506,1
79,5,3364990,1
76,5,3552766,1
79,5,3804062,1
87,5,3849277,1
87,5,4189888,1
58,6,11212,1
32,6,664972,1
54,6,731320,1
53,6,1122285,1
58,6,1122285,1
25,6,1271602,1
32,6,1320331,1
29,6,1346445,1
45,6,1943813,1
43,6,1991587,1
45,6,2133563,1
56,6,2145436,1
52,6,2145533,1
60,6,2639927,1
61,6,2851271,1
87,6,4062323,1
88,6,4266044,1
50,7,7054,1
88,7,126311,1
11,7,409181,1
6,7,411126,1
53,7,648402,1
79,7,1483377,1
49,7,2069959,1
55,7,2634737,1
57,7,2723246,1
85,7,4096991,1
81,8,5275,2
11,8,14993,1
28,8,15155,1
26,8,63726,1
43,8,69876,1
10,8,82560,1
14,8,119202,1
77,8,305295,1
10,8,582835,1
31,8,882346,1
19,8,939476,2
63,8,1216557,1
30,8,1303157,1
34,8,1360642,1
33,8,1436207,1
28,8,1442706,2
28,8,1448310,1
62,8,1732376,1
78,8,1883314,1
45,8,1900119,1
48,8,2027356,1
48,8,2177352,1
56,8,2252506,1
85,8,2359530,1
49,8,2361327,1
63,8,2361397,1
70,8,2361397,1
50,8,2362272,1
54,8,2419283,1
64,8,2741077,1
78,8,2786839,1
90,8,2822758,1
74,8,3072140,1
69,8,3118295,1
69,8,3172641,1
73,8,3319199,1
71,8,3320149,1
78,8,3358844,1
81,8,3514114,1
78,8,3521819,1
78,8,3673049,1
78,8,3730190,1
79,8,3813816,1
90,8,3860559,1
82,8,3861873,1
83,8,3933608,1
82,8,3971868,1
85,8,4139216,1
89,8,4289670,1
36,9,88325,1
18,9,296041,1
27,9,762642,1
25,9,762642,1
31,9,819381,1
40,9,902005,1
40,9,1217767,1
46,9,1217767,1
44,9,1217767,1
44,9,1537879,1
47,9,2076456,1
46,9,2171867,1
73,9,2241990,1
69,9,2270110,1
62,9,2361397,1
59,9,2729422,1
86,9,2822758,1
85,9,2822877,1
65,9,2936315,2
66,9,3042304,1
84,10,42577,1
7,10,69204,1
73,10,71689,1
74,10,71689,1
28,10,81006,1
4,10,134938,1
22,10,197464,1
91,10,421621,1
79,10,1626693,1
70,10,3331781,1
56,11,32571,1
56,11,35568,1
25,11,71688,2
27,11,71690,1
32,11,1232816,1
30,11,1232816,1
28,11,1494599,1
63,11,2706828,1
62,11,2823222,1
84,11,3483750,1
58,12,33918,1
77,12,33918,1
69,12,33935,1
57,12,33935,1
7,12,45067,1
18,12,70599,1
1,12,214927,1
49,12,1387469,1
53,12,2166438,1
53,12,2422601,1
54,12,2533390,1
70,12,2622764,1
89,12,3199138,2
43,13,11642,1
36,13,11642,1
47,13,13567,1
85,13,13568,1
83,13,32066,1
2,13,60688,1
2,13,94267,2
9,13,125016,1
5,13,142732,1
13,13,230303,1
14,13,230303,1
8,13,288333,1
51,13,333570,1
19,13,358055,1
24,13,468194,1
11,13,541592,1
17,13,636934,1
14,13,746898,1
33,13,793940,1
43,13,889057,1
88,13,1110059,1
24,13,1139141,1
44,13,1167109,1
28,13,1277386,1
33,13,1599446,1
34,13,1691027,1
37,13,1712144,2
43,13,2013101,1
54,13,2147792,1
51,13,2190514,1
48,13,2278878,1
55,13,2378840,1
53,13,2574736,1
72,13,2775535,1
70,13,3224272,1
84,13,3477713,1
79,13,3590945,1
82,13,3623315,1
79,13,3729534,1
80,13,3821842,1
80,13,3838357,2
82,13,3951051,1
83,13,3999281,1
89,13,4076791,1
91,13,4157781,1
87,13,4179465,1
16,14,7139,1
76,14,12112,1
86,14,20049,1
35,14,51695,1
65,14,53070,1
72,14,53070,1
42,14,83505,1
18,14,122550,1
3,14,125666,1
63,14,125666,1
58,14,125666,1
12,14,125666,2
85,14,125666,1
13,14,125666,1
8,14,154864,1
9,14,244842,1
10,14,295581,1
25,14,333762,1
68,14,390704,1
19,14,454067,1
8,14,491847,1
8,14,531505,1
59,14,552088,1
19,14,675360,1
16,14,760792,1
23,14,836111,1
36,14,838585,1
23,14,1073209,1
27,14,1073209,2
26,14,1099969,1
21,14,1121206,1
31,14,1135130,1
26,14,1253146,1
26,14,1340952,1
34,14,1489735,2
29,14,1571205,1
37,14,1727178,1
38,14,1779097,1
38,14,1831116,1
57,14,1896031,1
42,14,1922564,1
81,14,2032927,1
54,14,2580186,1
57,14,2725574,1
81,14,2850324,1
65,14,2915745,1
63,14,2915745,1
62,14,2979320,1
77,14,3482998,1
84,14,3674180,1
77,14,3714119,1
79,14,3842420,1
91,14,4436813,1
10,15,140957,1
23,15,162488,1
14,15,183689,1
14,15,494676,2
14,15,519223,1
14,15,613378,1
14,15,637764,1
13,15,650007,1
23,15,1150735,1
43,15,1216557,1
24,15,1254286,1
43,15,1792060,1
62,15,2056403,1
85,15,2145152,1
91,15,2145152,1
52,15,2373341,1
56,15,2481132,1
76,15,2524263,1
72,15,2561877,1
64,15,2590241,1
59,15,2804939,1
91,15,3277259,1
77,15,3348355,1
78,15,3404491,1
72,15,3525872,1
86,15,3622355,1
85,15,3773707,2
91,15,4168244,2
89,15,4221857,1
91,15,4315931,1
70,16,29259,1
29,16,40625,3
15,16,214288,1
78,16,214469,1
80,16,214927,1
29,16,243890,1
21,16,645840,1
50,16,1081205,1
65,16,1111160,1
74,16,1505826,1
80,16,2179290,1
70,16,2766802,1
62,16,2988201,1
76,16,3374786,1
76,16,3466457,1
77,16,3540941,1
86,16,3916180,1
84,16,4071332,1
16,17,69204,1
8,17,114826,1
46,17,114840,1
59,17,170271,1
5,17,318366,1
43,17,408464,1
24,17,569079,1
17,17,569079,1
65,17,625439,1
26,17,626345,1
29,17,664398,1
74,17,670080,1
33,17,783522,1
44,17,783522,1
34,17,783522,1
41,17,927601,1
62,17,1449293,1
46,17,1904334,1
41,17,1904334,1
42,17,1963224,1
43,17,2059414,1
58,17,2059839,1
73,17,2136704,1
73,17,2176452,1
59,17,2281342,1
53,17,2323457,1
55,17,2323457,1
55,17,2324166,1
64,17,2409103,1
73,17,2697505,1
68,17,2814102,1
79,17,2914783,1
65,17,2954795,1
65,17,2956232,1
72,17,3030930,2
68,17,3038302,1
78,17,3049354,1
68,17,3054753,1
67,17,3161909,1
70,17,3316755,1
70,17,3316782,1
70,17,3352524,1
70,17,3406784,1
82,17,3418899,1
71,17,3438064,1
71,17,3438120,1
73,17,3564195,1
89,17,3959003,1
88,17,4279715,1
90,17,4393585,1
91,17,4438296,1
91,17,4440834,1
8,18,66299,1
15,18,72773,1
4,18,179839,1
7,18,361879,1
37,18,422565,1
51,18,441518,1
18,18,441518,1
43,18,1192896,1
62,18,1483247,1
59,18,1626899,1
59,18,2697688,1
87,18,2720122,1
86,18,3811127,2
87,18,4176177,1
8,19,150,1
15,19,10170,1
82,19,11050,1
27,19,52490,1
13,19,109156,1
13,19,193906,1
36,19,246789,1
12,19,246789,1
7,19,273210,1
28,19,366858,1
31,19,381023,1
31,19,422565,1
8,19,440188,1
31,19,674160,1
13,19,735405,1
19,19,878974,1
18,19,887802,1
26,19,1094878,1
28,19,1113951,1
42,19,1334071,1
28,19,1342245,1
28,19,1378913,1
28,19,1439738,1
32,19,1473584,1
36,19,1555407,1
36,19,1619148,1
43,19,1844189,2
41,19,1930167,1
65,19,2140460,1
64,19,2977844,1
64,19,3000016,1
74,19,3146276,1
72,19,3266865,1
69,19,3340702,1
79,19,3667539,1
78,19,3673796,1
82,19,3974911,1
90,20,32384,1
59,20,33944,1
16,20,37605,2
16,20,48246,2
63,20,63342,1
50,20,89840,1
48,20,108707,1
28,20,395892,1
21,20,625069,1
45,20,2085566,1
48,20,2104839,2
67,20,2858248,1
78,20,3458598,1
78,20,3629854,1
49,21,37295,1
50,21,37298,1
7,21,358087,1
32,21,588681,1
47,21,2292366,1
77,21,2569455,1
57,21,2634537,1
65,21,2846902,2
70,21,3426236,1
87,21,4024830,1
39,22,19526,1
3,22,77850,1
1,22,92062,1
1,22,93752,1
1,22,118282,1
82,22,188642,2
91,22,498385,1
77,22,1059710,1
44,22,1100760,1
42,22,1216572,1
64,22,2639608,1
81,22,2996159,1
89,22,3531325,1
84,22,3992926,1
4,23,80346,1
64,23,142691,1
55,23,447694,1
58,23,1104088,1
62,23,1763715,1
52,23,1896735,1
44,23,2081821,1
54,23,2104381,2
64,23,2147099,1
46,23,2220294,1
54,23,2325953,1
64,23,2386462,1
54,23,2401197,1
55,23,2450160,1
54,23,2467480,1
58,23,2476143,1
54,23,2529313,1
82,23,2546485,1
55,23,2606126,1
64,23,2632823,1
58,23,2723113,1
66,23,2736560,1
62,23,2786833,1
63,23,2898287,1
62,23,2941270,1
67,23,2990790,2
65,23,3029224,1
66,23,3071204,1
78,23,3369942,1
71,23,3407534,1
77,23,3625681,1
82,23,3736123,1
89,23,4012454,1
89,23,4310811,1
18,24,7648,1
24,24,9008,1
11,24,136776,1
48,24,157180,1
56,24,274929,1
36,24,671428,1
41,24,1056382,1
40,24,1779167,1
77,24,1837013,1
80,24,2564016,1
1,25,158293,1
26,25,304111,1
16,25,652872,2
20,25,1082424,1
89,25,1768061,1
57,25,1791888,2
57,25,2027357,1
79,25,2027357,1
78,25,3533988,1
85,25,3701384,2
80,25,3778999,1
86,25,3971781,1
84,25,4007998,1
85,25,4008014,1
85,25,4093971,1
8,26,75696,1
22,26,1145475,1
24,26,1284482,1
36,26,1748942,1
39,26,1752751,1
39,26,1816765,1
52,26,2365555,1
67,26,2458090,1
75,26,2569455,1
57,26,2623753,1
75,26,2736112,1
77,26,3232052,1
75,26,3296538,1
74,26,3435019,1
87,26,3473609,1
90,26,4187731,1
86,27,14319,1
12,27,15156,1
17,27,27668,1
15,27,65352,1
17,27,86337,1
45,27,90440,1
27,27,142994,2
10,27,267775,1
32,27,304118,1
16,27,343232,1
5,27,355760,1
7,27,395157,1
12,27,434322,1
14,27,558576,1
12,27,604957,1
17,27,694871,2
79,27,778294,1
17,27,819395,1
48,27,824566,1
43,27,824566,1
26,27,925489,1
55,27,945937,1
50,27,945937,2
17,27,952838,1
43,27,1056575,2
50,27,1056575,2
33,27,1117970,1
31,27,1164018,1
45,27,1225232,1
45,27,1233161,1
50,27,1391079,1
61,27,1398590,1
27,27,1459339,1
29,27,1544440,1
32,27,1590817,2
35,27,1732429,1
38,27,1756649,1
56,27,1908430,1
76,27,2027356,1
52,27,2192936,1
56,27,2204568,1
47,27,2213284,2
52,27,2222109,1
56,27,2222109,1
61,27,2227217,1
57,27,2254157,1
57,27,2261141,1
50,27,2347281,1
55,27,2361420,1
63,27,2361420,1
61,27,2431180,1
62,27,2469060,1
57,27,2469060,1
64,27,2521169,1
57,27,2577798,1
58,27,2646364,1
61,27,2647536,3
61,27,2647879,1
64,27,2675768,1
57,27,2690274,1
56,27,2711768,1
61,27,2741073,1
58,27,2770947,1
61,27,2783026,1
61,27,2887629,1
61,27,2897727,1
61,27,2906630,1
63,27,2927855,1
82,27,2998018,1
83,27,3024120,1
63,27,3044860,1
66,27,3112086,2
65,27,3131733,1
67,27,3180411,1
76,27,3331038,1
69,27,3367633,2
78,27,3795976,1
80,27,3809447,1
83,27,3887239,1
31,28,311867,1
22,28,1080226,1
42,28,1443241,1
29,28,1528299,1
54,28,1779124,1
50,28,2293794,1
58,28,2293978,1
58,28,2694147,1
58,28,2697543,1
76,28,3358774,1
85,28,4137621,1
37,29,681,1
34,29,304118,1
19,29,900461,1
41,29,1213778,1
48,29,2222650,1
50,29,2222650,1
52,29,2222650,1
71,29,2294021,1
55,29,2425264,1
54,29,2557826,1
65,29,2917501,1
68,29,2917501,1
70,29,3048896,1
70,29,3225047,2
70,29,3234018,1
72,29,3388049,1
79,29,3388052,1
80,29,3397589,1
79,29,3509751,1
78,29,3528017,1
80,29,3533334,1
77,29,3674270,1
78,29,3776756,1
79,29,3845941,1
80,29,3860204,1
87,29,4156741,1
88,29,4211342,1
39,30,9985,1
61,30,19517,1
68,30,19517,1
7,30,23235,1
31,30,27216,1
66,30,54150,1
72,30,54150,1
59,30,54150,1
17,30,54156,1
43,30,74271,1
4,30,80797,1
37,30,108133,1
27,30,108133,1
48,30,108133,1
4,30,158336,1
20,30,454028,1
71,30,624498,1
52,30,624498,1
20,30,624498,1
23,30,648619,1
30,30,1246760,1
31,30,1263154,1
41,30,1307153,1
64,30,1307203,1
57,30,1837000,1
50,30,1939886,1
52,30,1986854,1
70,30,2353377,1
58,30,2747433,1
67,30,3053823,1
77,30,3500568,1
79,30,3570911,1
84,30,3618942,1
81,30,3911058,1
2,31,109090,1
31,31,117819,1
11,31,215461,1
30,31,551245,1
36,31,574754,1
28,31,1387165,1
26,31,1408556,1
31,31,1634236,1
36,31,1676245,1
40,31,1778113,1
39,31,1797665,1
46,31,1843221,1
45,31,2153577,1
48,31,2262866,1
56,31,2294818,1
63,31,2296953,1
54,31,2363585,1
63,31,2462942,1
59,31,2681264,1
60,31,2749474,1
63,31,2857243,1
74,31,3574371,1
77,31,3686055,1
80,31,3781943,1
90,31,3907751,1
91,31,4440651,1
24,32,12638,1
6,32,42101,1
62,32,47567,1
28,32,95238,1
29,32,126042,1
9,32,167401,1
23,32,195053,1
15,32,716362,1
24,32,769866,1
20,32,834023,1
22,32,1095503,1
36,32,1623678,1
45,32,1634363,2
34,32,1684940,1
36,32,1733853,1
43,32,1966738,1
42,32,1979741,1
49,32,2224203,1
63,32,2459592,1
53,32,2516957,1
55,32,2614038,1
62,32,2692487,1
60,32,2775728,1
62,32,2830408,1
69,32,2840353,1
70,32,3354100,1
79,32,3702928,1
17,33,1771,1
23,33,14976,1
6,33,15246,1
9,33,22184,1
36,33,22184,1
19,33,25658,1
8,33,60348,1
3,33,76874,1
3,33,109157,1
1,33,129952,1
15,33,182233,1
9,33,202041,1
26,33,213944,1
1,33,232388,1
3,33,243701,1
2,33,320296,1
7,33,333302,1
13,33,381546,1
18,33,415792,1
31,33,564520,1
29,33,624502,1
42,33,644780,1
33,33,648402,1
20,33,649132,1
31,33,667127,2
13,33,723679,1
20,33,835001,1
19,33,859669,1
17,33,895041,1
17,33,900970,1
31,33,1361351,1
28,33,1383014,1
40,33,1567304,1
38,33,1567425,2
48,33,1835326,1
52,33,1836937,1
58,33,1836990,1
80,33,1836990,1
71,33,1836995,1
52,33,1836995,1
76,33,1836995,1
85,33,1836995,1
65,33,1836995,1
46,33,1836998,1
67,33,1837001,1
86,33,1839517,1
50,33,2159903,2
52,33,2432115,1
54,33,2496131,1
56,33,2501766,1
53,33,2517513,1
60,33,2828688,1
61,33,2873420,1
64,33,2986816,1
63,33,3062580,1
69,33,3354163,1
72,33,3393855,1
83,33,3578548,1
88,33,3735198,1
84,33,3912101,1
83,33,3948271,1
88,33,3992787,1
87,33,4151544,1
90,33,4362464,1
5,34,3983,1
23,34,3983,1
8,34,11711,1
8,34,16183,1
26,34,34038,1
14,34,48974,1
14,34,70759,1
7,34,75195,2
2,34,92220,1
4,34,110089,1
4,34,112632,1
2,34,117796,1
5,34,124009,1
18,34,124018,1
3,34,156675,1
2,34,166621,1
5,34,168567,1
17,34,181739,1
2,34,182549,1
20,34,182549,1
2,34,212325,1
2,34,212383,1
2,34,224871,1
2,34,243181,1
1,34,268542,1
34,34,304118,1
18,34,408994,1
14,34,496160,1
19,34,553997,1
9,34,560975,1
40,34,599128,1
10,34,619475,1
20,34,726851,1
18,34,778122,1
13,34,789223,1
13,34,809799,1
16,34,821250,1
14,34,822992,1
14,34,822996,1
19,34,867702,1
16,34,895932,1
17,34,916947,1
17,34,917681,1
34,34,996537,1
35,34,1056729,1
21,34,1101570,2
24,34,1251132,1
50,34,1394668,1
45,34,2056031,1
77,34,2125486,2
56,34,2259094,1
79,34,2286484,1
77,34,2294021,1
51,34,2316650,1
56,34,2690985,1
59,34,2771222,1
90,34,2843345,1
79,34,3078077,1
77,34,3654244,1
82,34,3714799,1
82,34,3969514,1
88,34,4160696,1
88,34,4266235,1
43,35,758,1
81,35,34648,1
2,35,209675,1
67,35,214946,1
1,35,234832,1
33,35,296041,1
52,35,814899,1
43,35,1127971,1
55,35,2624053,1
78,35,2690964,1
64,35,3066574,1
81,35,3338027,1
82,35,4007408,1
83,35,4016419,1
85,35,4148242,1
91,35,4378957,1
41,36,67988,1
2,36,251802,1
1,36,273715,2
2,36,281914,1
44,36,554096,1
23,36,1212312,1
30,36,1518304,1
35,36,1698552,1
43,36,1805844,1
41,36,1991659,1
46,36,2094951,1
54,36,2537083,1
68,36,2731721,1
64,36,2924255,1
65,36,3049014,1
67,36,3223318,1
70,36,3333752,1
84,36,3975453,2
84,36,3999372,1
75,37,37298,1
26,37,45454,1
75,37,47571,1
82,37,47571,1
32,37,47571,1
35,37,47571,1
41,37,47571,1
27,37,69204,1
76,37,69220,1
22,37,84909,1
25,37,146045,1
37,37,146045,1
46,37,151746,1
6,37,157469,1
9,37,185172,1
7,37,185172,2
75,37,188642,2
11,37,219485,1
1,37,243298,1
22,37,243701,1
3,37,243701,1
39,37,415792,1
18,37,415792,1
36,37,415792,1
5,37,418256,1
7,37,502644,1
27,37,517910,1
9,37,519358,1
33,37,524958,1
20,37,525536,1
10,37,527324,1
9,37,533365,1
8,37,535721,1
12,37,686273,1
13,37,690499,1
13,37,734135,1
28,37,774554,2
20,37,835001,1
26,37,875142,1
32,37,927675,1
21,37,1010130,1
37,37,1129749,1
21,37,1137123,1
25,37,1244446,1
25,37,1253974,1
29,37,1270582,1
28,37,1272169,1
30,37,1282106,1
30,37,1370846,1
30,37,1376343,1
28,37,1376804,1
32,37,1387051,1
48,37,1434104,1
49,37,1449411,1
31,37,1456059,1
28,37,1463032,1
30,37,1488466,1
46,37,1515942,1
46,37,1515988,1
57,37,1524471,1
42,37,1525652,1
37,37,1549977,1
32,37,1613666,1
57,37,1627289,1
35,37,1638771,1
68,37,1708515,1
35,37,1731922,1
36,37,1744262,2
42,37,1807163,2
65,37,1807219,1
55,37,1807219,1
63,37,1807219,1
58,37,1814705,1
59,37,2029418,1
46,37,2055856,1
44,37,2064458,1
45,37,2126269,1
47,37,2143188,1
45,37,2143189,1
77,37,2186944,1
47,37,2235761,1
77,37,2269336,1
56,37,2281581,1
75,37,2281581,1
67,37,2283439,1
49,37,2292929,1
71,37,2293978,1
49,37,2295900,1
70,37,2327165,1
49,37,2344163,1
50,37,2346328,1
51,37,2358464,1
53,37,2412699,1
53,37,2482877,1
55,37,2549132,1
69,37,2580136,1
61,37,2601324,1
59,37,2601324,1
57,37,2680462,1
65,37,2697854,1
56,37,2700477,1
58,37,2791435,1
72,37,2797888,1
73,37,2797888,1
84,37,2884115,1
79,37,2892461,1
60,37,2915756,1
69,37,2980978,1
64,37,3009829,1
66,37,3054117,1
70,37,3114955,1
74,37,3179079,1
85,37,3188359,1
77,37,3218517,1
70,37,3416422,1
75,37,3453260,1
76,37,3483014,1
75,37,3507857,1
81,37,3527552,1
79,37,3594043,1
75,37,3610239,1
89,37,3653854,1
78,37,3657976,1
78,37,3720497,1
77,37,3752153,1
77,37,3754313,1
81,37,3851473,1
80,37,3856328,1
83,37,4025244,1
82,37,4032393,1
88,37,4169619,1
89,37,4181582,1
91,37,4299343,1
91,37,4366434,1
89,37,4366434,1
35,38,60319,2
8,38,191135,1
11,38,200554,1
15,38,280156,1
5,38,367540,1
14,38,388773,1
9,38,401210,1
16,38,653253,1
15,38,658816,1
20,38,735444,1
14,38,783464,1
19,38,955941,1
20,38,1049436,1
23,38,1060820,1
23,38,1090057,1
67,38,1383553,1
39,38,1609842,1
53,38,1926615,1
55,38,2382154,1
56,38,2507866,1
54,38,2520201,1
54,38,2576687,1
75,38,3216445,1
88,38,3379066,1
73,38,3456305,1
79,38,3522188,1
87,38,4089042,1
88,38,4208796,2
20,39,134691,1
16,39,305022,1
13,39,441113,1
15,39,570298,1
20,39,990537,1
43,39,1354935,1
76,39,1355177,1
50,39,1425425,1
82,39,1614043,1
74,39,1925222,1
51,39,2274091,1
59,39,2660333,1
81,39,2873284,1
78,39,3590489,1
88,39,4176177,1
56,40,14319,1
10,40,36434,1
20,40,134777,1
14,40,255981,1
16,40,791304,1
35,40,949284,2
35,40,1270432,1
56,40,2145432,1
76,40,2473452,1
56,40,2644383,1
58,40,2652542,1
61,40,2716705,1
59,40,2808920,1
65,40,3049671,1
63,40,3053459,1
83,40,3714368,1
78,40,3763002,1
90,40,4089042,1
89,40,4162720,1
48,41,55527,1
1,41,141431,1
1,41,152112,1
22,41,219387,1
77,41,921216,1
35,41,1095160,1
64,41,1165305,1
33,41,1370659,1
33,41,1516869,1
31,41,1525844,1
31,41,1526136,1
31,41,1580628,1
31,41,1580685,1
40,41,1698179,1
39,41,1732933,1
40,41,1844658,1
84,41,2168248,1
70,41,2453309,1
71,41,2509616,1
73,41,2591960,1
70,41,2830499,1
64,41,2960969,1
70,41,3221789,1
70,41,3358171,1
70,41,3382839,1
70,41,3382843,1
73,41,3392710,1
89,41,3564599,1
76,41,3682348,1
83,41,4060581,1
89,41,4180572,1
12,42,14993,1
45,42,17100,1
35,42,20924,1
28,42,30635,1
10,42,116357,1
13,42,219648,1
25,42,1171422,1
39,42,1236979,1
25,42,1302678,1
29,42,1425642,2
35,42,1710867,1
44,42,1879685,1
48,42,2169200,1
47,42,2283578,1
90,42,2639577,1
59,42,2704946,1
58,42,2735409,1
65,42,2749088,1
85,42,3346980,1
91,42,3367633,1
70,42,3415541,1
73,42,3552344,1
76,42,3595104,1
90,42,4182607,2
89,42,4182684,1
89,42,4253727,1
89,42,4340795,1
90,42,4357684,1
90,42,4361421,1
32,43,22184,1
2,43,22184,1
14,43,36197,1
87,43,86061,1
12,43,108142,1
89,43,180984,1
11,43,567991,1
14,43,604226,1
46,43,1818503,1
69,43,1836990,1
50,43,2394590,1
9,44,24046,1
7,44,58838,1
8,44,58838,1
13,44,69327,1
10,44,78209,1
11,44,95657,1
12,44,164502,1
13,44,440188,1
28,44,1094878,1
51,44,1460709,1
68,44,1491150,1
50,44,1584320,1
58,44,1606959,2
62,44,1870324,1
44,44,2069935,1
78,44,2979787,1
91,44,3193955,1
78,44,3198947,2
78,44,3615173,1
78,44,3714799,1
91,44,3714799,1
88,44,4052081,1
13,45,96472,2
13,45,518701,1
35,45,599176,1
39,45,735399,1
19,45,932401,2
17,45,958540,1
27,45,1359356,1
40,45,1803539,1
46,45,1907987,1
74,45,3032431,1
69,45,3301225,1
74,45,3505480,1
79,45,3702013,1
90,45,4119930,1
84,45,4131560,1
91,45,4182914,1
42,46,187552,2
83,46,1280397,1
79,46,2638845,1
74,46,2975937,1
74,46,3441512,1
85,46,3461231,1
85,46,3508773,1
85,46,3866254,1
85,46,3890939,1
87,46,4212901,1
89,46,4362658,1
90,46,4374278,1
68,47,7823,1
74,47,28991,1
68,47,31079,1
47,47,33423,1
72,47,48676,1
34,47,142782,1
39,47,215085,1
84,47,215102,1
41,47,230303,1
35,47,230844,1
40,47,235759,1
40,47,311374,1
35,47,1047621,1
36,47,1069529,1
29,47,1071851,1
29,47,1219388,1
30,47,1230355,1
47,47,1320425,1
75,47,1352871,1
74,47,1503096,1
43,47,1528951,1
69,47,1550684,1
35,47,1736189,1
46,47,1811876,1
66,47,2166899,1
66,47,2185026,1
49,47,2202744,1
69,47,2203046,1
71,47,2444480,1
60,47,2539298,1
55,47,2655179,1
75,47,2701181,1
74,47,2736461,1
61,47,2766802,1
73,47,2850324,1
67,47,2858252,1
63,47,2894326,1
68,47,2897848,1
72,47,3377371,1
73,47,3585501,1
90,47,4287984,1
88,47,4291672,1
88,47,4291980,1
89,47,4327151,1
20,48,20180,1
62,48,32401,1
66,48,71752,1
41,48,415810,1
7,48,524926,1
52,48,648402,1
14,48,648402,1
43,48,649132,1
17,48,665879,1
23,48,996641,1
46,48,1547533,1
31,48,1630257,1
40,48,1705303,1
58,48,2175953,1
54,48,2501806,1
66,48,2900814,1
64,48,3067705,1
67,48,3145448,1
75,48,3198858,1
33,49,16523,1
17,49,19219,1
1,49,22182,1
56,49,47638,3
77,49,48197,1
31,49,56588,1
39,49,56588,1
20,49,71741,1
57,49,85458,1
29,49,108136,1
14,49,112813,1
57,49,127573,1
37,49,454627,1
25,49,859577,1
44,49,1104088,1
26,49,1130406,1
23,49,1176871,1
77,49,1207204,1
43,49,1307216,1
33,49,1331483,1
33,49,1391151,1
55,49,1503096,1
44,49,1551641,1
34,49,1553324,1
34,49,1590806,1
51,49,1881786,1
43,49,1887741,1
43,49,2066477,1
53,49,2203110,1
60,49,2667685,1
57,49,2697688,1
73,49,2742344,1
89,49,3001695,1
78,49,3003293,1
68,49,3221353,1
71,49,3381841,1
85,49,3692595,1
85,49,3733056,1
83,49,3969677,1
80,50,12838,1
78,50,37295,1
79,50,37298,1
48,50,37298,1
85,50,48221,1
47,50,48221,1
33,50,48221,1
35,50,64667,1
35,50,73962,1
11,50,86246,1
87,50,628970,1
43,50,2003914,1
70,50,3408305,1
78,50,3787446,1
86,50,4103574,1
86,50,4152456,1
68,51,37298,1
90,51,45454,1
73,51,148172,1
32,51,1405653,1
47,51,1658986,1
37,51,1741914,1
81,51,2658835,1
64,51,2844852,1
82,51,3504430,1
82,51,3606269,1
89,51,3860947,1
82,51,3932652,1
88,51,4148145,1
88,51,4164341,1
63,52,415810,3
78,52,1013810,1
56,52,2293964,1
59,52,2638996,1
64,52,2746989,1
62,52,2980877,1
62,52,2980913,1
67,52,3054355,1
64,52,3054543,1
79,52,3508553,1
83,52,3546478,1
81,52,3847032,1
30,53,670,1
48,53,670,1
69,53,670,1
55,53,670,1
44,53,670,1
24,53,670,1
27,53,670,1
41,53,670,1
33,53,670,1
64,53,670,2
60,53,670,1
52,53,670,1
18,53,17100,1
53,53,54356,2
63,53,66272,1
56,53,66272,1
74,53,74433,1
89,53,107103,1
72,53,142787,1
64,53,177135,1
35,53,347692,1
77,53,379902,1
79,53,379902,1
48,53,457549,1
27,53,540164,1
19,53,666096,1
47,53,666856,1
51,53,917900,1
27,53,1085184,1
52,53,1096640,1
27,53,1230375,1
26,53,1297968,1
83,53,1302099,1
50,53,1390254,1
77,53,1404287,1
70,53,1404935,1
68,53,1407732,1
64,53,1505826,1
73,53,1505826,1
44,53,1543527,1
44,53,1543664,1
37,53,1571874,1
37,53,1574759,1
53,53,1698535,1
43,53,1892854,1
53,53,1899349,1
50,53,1904334,1
44,53,2004885,1
46,53,2004885,1
42,53,2018688,1
46,53,2116781,1
57,53,2145152,1
50,53,2147099,1
49,53,2277119,1
71,53,2431649,1
51,53,2445284,1
63,53,2487812,1
61,53,2625936,1
67,53,2664024,1
79,53,2737404,1
62,53,2842218,1
81,53,2876816,1
72,53,2895323,1
72,53,3117330,1
73,53,3131772,1
84,53,3156718,1
79,53,3203040,1
76,53,3203040,1
71,53,3203040,1
71,53,3203803,3
72,53,3203803,2
87,53,3357077,1
75,53,3357077,1
76,53,3357077,1
80,53,3357157,1
73,53,3357157,1
81,53,3357157,1
76,53,3359229,1
73,53,3359273,1
87,53,3414780,1
81,53,3504430,1
75,53,3579444,1
79,53,3654985,1
78,53,3768640,1
90,53,3954146,1
83,53,3991278,1
83,53,3991547,1
83,53,4023284,1
84,53,4025407,1
84,53,4027236,1
83,53,4037072,1
83,53,4037400,1
83,53,4037414,1
91,53,4037483,1
84,53,4037737,1
16,54,114074,1
12,54,119466,1
1,54,119466,1
19,54,228182,1
12,54,243699,1
4,54,353809,1
4,54,364781,1
11,54,605092,1
15,54,651210,1
46,54,1596228,1
79,54,3714368,2
29,55,7400,1
38,55,7400,1
31,55,24333,1
26,55,24333,1
9,55,46018,1
13,55,48855,1
35,55,57976,1
3,55,63440,1
15,55,206563,1
6,55,332215,1
26,55,406804,1
51,55,441518,1
23,55,663228,1
22,55,1062071,1
30,55,1221239,1
42,55,1382379,1
31,55,1454104,1
38,55,1554641,1
53,55,1851633,1
58,55,2701474,1
56,55,2711783,1
57,55,2717406,1
40,56,7823,1
14,56,193340,1
5,56,287762,1
7,56,416799,2
14,56,625820,1
13,56,636667,1
20,56,857743,1
90,56,1129475,1
24,56,1305188,1
37,56,1695654,1
70,56,1839522,1
76,56,2145432,1
77,56,2910642,1
71,56,3394423,1
85,56,3548016,1
90,56,4180378,1
1,57,81234,1
20,57,134184,1
1,57,143963,1
2,57,210093,1
1,57,239506,1
1,57,264982,1
4,57,305051,1
51,57,384516,1
8,57,437729,1
7,57,512086,1
9,57,561330,1
9,57,615902,1
23,57,783522,1
20,57,1025366,1
20,57,1059437,1
22,57,1151258,1
24,57,1187113,1
26,57,1199047,1
26,57,1365086,1
28,57,1463437,1
30,57,1482071,1
62,57,1574291,1
34,57,1598428,1
34,57,1704781,1
45,57,2136477,1
49,57,2382599,1
51,57,2417766,1
54,57,2532382,1
54,57,2545435,1
54,57,2602674,1
61,57,2760295,1
64,57,3088372,1
75,57,3198858,1
77,57,3534396,1
52,58,7823,1
82,58,32384,2
59,58,33944,1
56,58,33944,1
76,58,34453,1
80,58,34649,1
1,58,43137,1
39,58,383839,1
57,58,1463244,1
37,58,1518311,1
33,58,1693495,1
45,58,1748365,1
37,58,1766688,1
40,58,1825869,1
45,58,1907425,1
40,58,1907665,1
87,58,2165482,1
55,58,2350767,1
52,58,2395809,1
69,58,2449484,1
68,58,2449484,1
54,58,2555184,1
61,58,2828586,1
68,58,3114896,2
69,58,3320704,1
85,58,3523642,1
75,58,3539273,1
86,58,4196635,1
2,59,30616,1
43,59,50611,1
59,59,98266,1
57,59,158471,1
50,59,161121,1
66,59,311867,1
50,59,311867,1
9,59,548424,1
33,59,730264,1
18,59,851637,1
40,59,886370,1
34,59,888523,1
31,59,889098,1
21,59,1092507,1
47,59,1216572,1
35,59,1240976,1
29,59,1276085,1
38,59,1340318,1
56,59,1394668,1
39,59,1483178,1
33,59,1501767,1
53,59,1506885,1
38,59,1695654,1
43,59,1907694,1
45,59,1995352,1
58,59,2035540,1
54,59,2057716,1
58,59,2145382,1
46,59,2185623,1
54,59,2205152,2
55,59,2222210,1
54,59,2260663,1
55,59,2260789,1
55,59,2327617,1
52,59,2445506,1
57,59,2458393,1
55,59,2658892,1
57,59,2714435,2
60,59,2716666,1
58,59,2760927,1
60,59,2824897,1
67,59,2932892,1
63,59,3053729,1
70,59,3279925,1
71,59,3386096,1
72,59,3468166,1
74,59,3504074,1
72,59,3511607,2
87,59,4015575,1
31,60,24687,1
1,60,36880,1
58,60,44221,1
31,60,44221,1
1,60,54470,1
1,60,74646,1
2,60,224599,1
31,60,403230,1
31,60,404574,1
84,60,754390,1
17,60,848743,1
19,60,1052031,1
32,60,1392233,1
60,60,1757029,1
39,60,1779084,1
48,60,2085566,1
5,61,12565,1
79,61,22013,1
79,61,27174,1
66,61,60675,1
75,61,96310,1
82,61,164731,1
82,61,168570,1
89,61,262543,1
15,61,325667,1
19,61,448245,1
7,61,476131,1
18,61,638283,1
19,61,875798,1
42,61,1023839,1
24,61,1245433,1
24,61,1290325,1
41,61,1962832,1
42,61,1991964,1
50,61,2190776,1
90,61,2323457,1
87,61,2407068,1
70,61,2703475,1
73,61,2839410,1
77,61,2955977,1
71,61,3034313,1
73,61,3127561,1
86,61,3154707,1
74,61,3259837,1
73,61,3447896,1
77,61,3458315,1
74,61,3458315,1
72,61,3464139,1
71,61,3471208,1
73,61,3490012,1
72,61,3490944,1
75,61,3566022,1
91,61,3606269,1
81,61,3614248,1
82,61,3822265,1
82,61,3885021,1
82,61,3950159,1
91,61,4374928,1
91,61,4409043,1
20,62,8675,1
17,62,9426,1
9,62,12236,1
9,62,13069,2
46,62,13069,1
21,62,13968,1
72,62,32572,1
81,62,34648,1
80,62,34649,1
16,62,40060,1
19,62,40060,1
19,62,58613,1
54,62,70933,1
55,62,96310,1
17,62,146787,1
14,62,178995,1
18,62,609050,1
20,62,764755,1
69,62,1416414,1
53,62,1736232,1
65,62,2508839,1
81,62,3529151,1
81,62,3620965,1
82,62,3827672,1
81,62,3858195,1
11,63,119571,1
57,63,125692,1
23,63,128629,1
6,63,132540,1
13,63,196332,1
1,63,206397,1
25,63,303648,1
10,63,303648,1
12,63,304118,1
20,63,602217,1
12,63,758698,1
12,63,758733,1
15,63,792342,2
17,63,879833,1
25,63,956518,1
23,63,959683,3
23,63,1000368,2
27,63,1065786,2
64,63,1216557,1
48,63,1392729,1
47,63,1392729,1
38,63,1540597,1
31,63,1655121,1
61,63,2690489,1
85,63,3479356,1
88,64,32566,1
27,64,32571,1
14,64,32753,1
2,64,168403,1
61,64,207837,1
46,64,362293,1
19,64,434111,1
82,64,457388,1
80,64,782930,1
44,64,1349250,1
56,64,1349326,1
44,64,1349326,1
36,64,1491485,1
87,64,1546232,1
35,64,1718943,1
37,64,1745292,1
39,64,1821021,1
65,64,1899953,1
45,64,2085566,1
60,64,2222210,2
61,64,2959129,1
65,64,3138706,1
73,64,3462651,1
81,64,3769325,1
83,64,3990590,1
35,65,28708,1
47,65,64904,1
43,65,108136,1
16,65,112813,4
3,65,115405,1
29,65,584736,1
19,65,654701,1
29,65,1058263,1
25,65,1194067,1
33,65,1471287,1
45,65,2060653,1
68,65,2799731,1
72,65,3520178,1
89,65,4300684,1
43,66,5049,1
35,66,92903,1
13,66,156233,1
36,66,258552,1
21,66,258552,1
2,66,280779,1
84,66,348464,1
5,66,404919,1
9,66,596961,1
14,66,649117,1
13,66,770481,2
14,66,836110,1
16,66,914845,1
46,66,1171842,1
27,66,1171842,1
37,66,1277475,1
29,66,1352946,1
28,66,1421266,1
28,66,1457046,1
29,66,1467533,1
37,66,1467905,1
34,66,1480838,1
32,66,1505949,2
34,66,1688644,1
33,66,1706179,1
35,66,1729095,1
39,66,1802866,1
45,66,1809258,1
85,66,1898649,1
50,66,2009245,1
46,66,2115308,1
50,66,2360030,1
53,66,2511628,1
63,66,2806300,1
66,66,3071128,1
67,66,3100751,1
67,66,3165171,1
84,66,3236916,1
78,66,3555342,1
85,66,3784269,1
87,66,3811195,1
91,66,4127202,1
89,66,4238737,1
89,66,4256183,1
13,67,140966,1
33,67,152461,1
64,67,161698,1
1,67,169800,1
33,67,217551,1
17,67,549677,1
33,67,593660,1
22,67,1140608,1
33,67,1207127,1
31,67,1374970,1
64,67,1410808,1
33,67,1467110,1
29,67,1570663,1
31,67,1587247,1
33,67,1587247,1
32,67,1607552,1
33,67,1684293,1
48,67,1982827,1
63,67,2033637,1
63,67,2345270,1
64,67,2362098,1
58,67,2546686,1
63,67,2930759,1
19,68,1003301,1
60,68,2145436,1
51,68,2450986,1
52,68,2477121,1
76,68,2779279,1
61,68,2846054,2
76,68,3318922,1
77,68,3365298,1
76,68,3597917,1
74,68,3628046,1
81,68,3631405,1
85,68,4108958,1
88,68,4320947,1
31,69,24333,1
2,69,24333,1
9,69,63440,1
15,69,693944,1
17,69,944130,1
76,69,1142913,1
25,69,1259873,1
85,69,1483178,1
31,69,1649523,1
44,69,1941648,1
74,69,3431257,1
74,69,3431518,1
85,69,3973863,1
55,70,7978,1
57,70,30677,1
29,70,32666,1
30,70,40577,1
45,70,49574,1
41,70,49574,1
39,70,49574,1
38,70,49574,1
59,70,54150,1
31,70,82850,1
10,70,99699,1
38,70,109156,1
55,70,126053,1
15,70,131887,1
76,70,194024,1
88,70,210830,1
21,70,211958,1
82,70,215099,1
4,70,325667,1
12,70,353898,1
11,70,504016,1
10,70,601759,1
10,70,637707,1
55,70,647980,1
15,70,678782,1
35,70,728119,1
27,70,874752,1
18,70,896222,1
18,70,909432,1
65,70,1214400,1
24,70,1250165,1
41,70,1282013,1
51,70,1352637,1
54,70,1352649,1
29,70,1414863,1
31,70,1416202,1
29,70,1485106,1
37,70,1645528,1
38,70,1733809,1
37,70,1740446,1
72,70,1779084,2
64,70,1779084,1
82,70,1779084,1
39,70,1816851,1
53,70,1902901,1
42,70,1925423,1
42,70,1971798,1
64,70,2032625,1
56,70,2154676,1
48,70,2157176,1
49,70,2159903,1
46,70,2197152,1
50,70,2220119,1
51,70,2339882,1
53,70,2339882,1
53,70,2350818,1
65,70,2358053,1
80,70,2456889,1
53,70,2458465,1
61,70,2499034,1
58,70,2732385,1
72,70,2796207,1
59,70,2834072,1
65,70,2909578,1
72,70,2979314,1
72,70,3453439,1
72,70,3460830,1
72,70,3461617,1
35,71,27524,1
23,71,32571,1
21,71,32571,1
31,71,69463,1
76,71,69662,1
74,71,95238,1
5,71,350974,1
9,71,559198,1
43,71,2014877,1
52,71,2355723,1
50,71,2355723,1
69,71,3106619,1
11,72,26635,1
18,72,48152,1
64,72,102353,1
42,72,119985,1
56,72,119997,1
23,72,123857,1
28,72,136162,1
51,72,175635,1
9,72,309293,1
7,72,340183,1
22,72,342087,1
13,72,349960,1
8,72,407899,1
38,72,412290,1
21,72,608898,2
11,72,647606,1
13,72,693599,1
38,72,696917,1
34,72,712591,1
21,72,731469,1
33,72,758453,1
19,72,792533,1
33,72,880976,1
17,72,915611,1
55,72,1047275,1
29,72,1103641,1
45,72,1122933,1
23,72,1123090,1
50,72,1147275,1
43,72,1148422,1
24,72,1173547,1
35,72,1216572,1
24,72,1247170,1
38,72,1248505,1
48,72,1262138,1
80,72,1325846,1
37,72,1442062,1
62,72,1442821,1
47,72,1447022,1
28,72,1448861,1
29,72,1483106,1
28,72,1491720,2
46,72,1500940,1
40,72,1506882,1
61,72,1541009,1
48,72,1724420,1
42,72,1799733,1
72,72,1807219,1
67,72,1836990,1
42,72,1852426,1
41,72,1854388,1
57,72,1867961,1
42,72,1901635,1
42,72,1913251,1
49,72,1978539,1
47,72,2272258,1
69,72,2344719,1
57,72,2377155,1
56,72,2607780,1
59,72,2646717,1
58,72,2655053,1
60,72,2759619,1
61,72,2862783,1
74,72,3233614,1
71,72,3255185,1
70,72,3314957,1
69,72,3344431,1
84,72,3524668,1
75,72,3572131,1
75,72,3584085,1
80,72,3707198,1
78,72,3747108,1
91,72,4232170,1
85,73,1846,1
83,73,1853,1
86,73,96168,1
35,73,158954,1
29,73,170425,1
40,73,187530,1
16,73,712390,1
16,73,866194,1
53,73,1057678,1
24,73,1062468,1
29,73,1482522,1
74,73,1503096,1
40,73,1647467,1
45,73,2153330,1
52,73,2448632,1
59,73,2555167,1
57,73,2638923,1
56,73,2671094,1
60,73,2802821,1
75,73,3256031,1
67,73,3280346,1
67,73,3280348,1
75,73,3348850,1
73,73,3419926,1
73,73,3431611,1
73,73,3508797,1
73,73,3539033,1
80,73,3744914,1
85,73,4003854,1
85,73,4033864,1
89,73,4260777,1
88,73,4261722,1
88,73,4263734,1
89,73,4305215,1
90,73,4342124,1
32,74,9538,1
3,74,35391,1
18,74,35391,1
10,74,51314,1
50,74,54074,1
15,74,189191,1
2,74,243790,1
2,74,251320,1
4,74,387696,1
37,74,617253,1
9,74,620468,1
43,74,684087,1
11,74,697658,1
40,74,771243,1
20,74,900348,1
19,74,937353,1
63,74,944174,1
50,74,981232,1
22,74,1079267,1
30,74,1235175,1
32,74,1470713,2
32,74,1543896,1
32,74,1662163,1
40,74,1922226,1
44,74,1943320,1
43,74,1973514,1
42,74,1995554,1
46,74,2100351,1
52,74,2226489,1
69,74,2275621,1
57,74,2473849,1
67,74,2532882,1
69,74,2542950,1
56,74,2671928,1
56,74,2700357,1
59,74,2756517,1
63,74,2756518,1
59,74,2770807,1
69,74,2808408,1
60,74,2858864,1
63,74,3073162,1
72,74,3092178,1
72,74,3200390,1
75,74,3216140,1
69,74,3233506,1
73,74,3394069,1
82,74,3719445,1
80,74,3721101,1
90,74,4291599,1
90,74,4302543,1
89,74,4355606,1
51,75,126044,1
66,75,243699,1
11,75,346193,1
5,75,462316,1
22,75,677406,1
46,75,927366,1
17,75,939638,1
60,75,1373697,1
41,75,1755150,1
46,75,2118220,1
56,75,2492668,1
58,75,2638928,1
57,75,2691277,1
68,75,3258685,1
70,75,3416976,1
23,76,76500,1
13,76,104652,1
58,76,1584320,1
86,76,1799087,1
49,76,2027357,1
80,76,2323195,1
83,76,2397208,1
87,76,3024130,1
85,76,3643213,1
84,76,3987355,1
91,76,4396863,1
27,77,7145,1
6,77,165909,1
4,77,221209,1
16,77,557419,1
22,77,557419,1
21,77,874278,1
27,77,1290528,1
45,77,1487906,1
37,77,1616309,1
61,77,2772324,1
8,78,7738,1
38,78,16079,1
37,78,31070,1
13,78,31541,1
82,78,32384,1
90,78,32384,1
81,78,34649,1
17,78,35391,1
56,78,35568,1
23,78,39714,1
8,78,39714,1
25,78,39817,1
28,78,42237,1
25,78,45067,1
6,78,59033,1
13,78,69660,1
6,78,129399,1
16,78,187366,1
50,78,196579,1
1,78,268136,1
6,78,294385,1
6,78,328328,1
9,78,356660,1
5,78,368884,1
5,78,468343,1
36,78,868406,1
33,78,1028817,1
28,78,1401178,1
36,78,1528002,1
48,78,1967005,1
49,78,2208553,1
50,78,2383702,1
67,78,3057972,1
80,78,3742121,1
80,78,3801225,1
82,78,3966258,1
82,78,3983183,1
90,78,4311168,1
91,78,4422020,1
19,79,11645,1
20,79,17100,1
29,79,40675,1
10,79,69204,1
6,79,116321,1
1,79,196321,1
35,79,350647,1
65,79,599128,1
19,79,616854,1
14,79,760022,1
15,79,819010,1
19,79,1042921,1
35,79,1355422,1
57,79,1359323,1
46,79,1386779,1
26,79,1408561,1
32,79,1445161,1
27,79,1445877,1
32,79,1447676,1
45,79,1524128,1
54,79,1526605,1
57,79,1530957,1
35,79,1559737,1
46,79,1800872,1
41,79,1825390,1
70,79,1870144,1
70,79,2017914,1
82,79,2027357,1
57,79,2027357,1
55,79,2027357,1
73,79,2027357,1
57,79,2256163,1
72,79,2293978,1
62,79,2293978,1
64,79,2326154,1
61,79,2544047,1
54,79,2573967,1
73,79,2716666,1
70,79,2716666,1
71,79,2782008,1
71,79,3053601,1
72,79,3461226,1
83,79,3860954,1
90,79,4127507,1
23,80,64667,1
1,80,178550,1
34,80,421546,1
9,80,549716,1
9,80,583682,1
38,80,927601,1
34,80,1075863,1
46,80,1940159,1
53,80,2506011,1
78,80,2729739,1
65,80,2789444,1
1,81,52153,1
75,81,65011,1
19,81,65035,1
27,81,75988,1
21,81,86876,1
67,81,98612,1
4,81,119545,2
48,81,225919,1
16,81,230844,1
63,81,243891,1
4,81,408302,1
12,81,739432,2
14,81,764697,1
19,81,764700,1
76,81,782930,1
58,81,782930,1
22,81,782930,1
40,81,1779101,1
59,81,1904651,1
51,81,2269823,1
56,81,2536957,1
60,81,2831519,1
65,81,3065515,1
82,81,3206242,1
80,81,3206242,1
82,81,3737906,1
1,82,45758,1
2,82,114919,1
5,82,117556,1
5,82,161067,1
1,82,236329,1
5,82,364920,1
39,82,554339,1
15,82,829751,1
20,82,1027890,1
21,82,1043129,1
25,82,1118103,1
27,82,1374233,1
40,82,1626747,1
34,82,1685168,1
59,82,2764478,1
81,82,3508286,1
30,83,40788,1
80,83,47478,1
37,83,50150,1
3,83,250703,1
22,83,265088,1
14,83,804906,1
50,83,1698535,1
67,83,1982066,1
79,83,2027357,1
47,83,2135356,1
47,83,2192653,1
80,83,2635001,1
67,83,3049058,1
71,83,3049058,1
81,83,3693126,1
79,83,3767333,1
80,83,3809649,1
80,83,3861455,1
89,83,4268450,1
19,84,56867,1
4,84,91709,1
11,84,187552,1
16,84,187552,1
13,84,187552,1
2,84,229510,1
1,84,245057,1
5,84,415792,1
74,84,622210,1
22,84,1131544,1
22,84,1131548,1
24,84,1133905,1
87,84,1138221,1
47,84,1138221,1
29,84,1141491,1
22,84,1181462,1
86,84,1304268,1
29,84,1386779,1
31,84,1386779,1
37,84,1446506,1
42,84,1461636,1
39,84,1807090,1
61,84,1807219,1
62,84,1807219,1
63,84,1807219,1
45,84,1807219,1
87,84,1807219,1
55,84,1807219,1
58,84,1807219,1
59,84,1807219,1
47,84,1966590,1
43,84,1966590,1
77,84,2218703,1
50,84,2330695,1
84,84,2636376,1
64,84,2910641,1
65,84,3099880,2
70,84,3166447,2
85,84,3511682,1
76,84,3528193,1
77,84,3591083,1
78,84,3676817,1
85,84,3845974,1
81,84,3851410,1
85,84,3858908,1
86,84,3860952,1
86,84,4065177,1
90,84,4299343,1
5,85,45900,1
21,85,807416,1
33,85,1659578,1
54,85,1779097,1
57,85,1779097,1
58,85,2054570,1
82,85,2260134,1
88,85,3521502,1
85,85,3621989,1
82,85,3692590,1
85,85,3692595,1
86,85,3954711,1
88,85,4100512,1
86,85,4203288,1
87,85,4213128,1
33,86,68587,1
75,86,421447,1
57,86,430586,1
29,86,430586,1
67,86,430586,1
33,86,459646,1
29,86,747958,1
33,86,1271112,1
53,86,2356782,1
67,86,2785305,1
71,86,2894206,1
7,87,41423,1
18,87,649132,1
71,87,882346,1
67,87,882346,1
19,87,981521,1
23,87,1129849,1
31,87,1561626,2
49,87,1837001,1
53,87,2479996,1
90,87,3166820,1
91,87,3539841,1
86,87,3863322,1
9,88,13715,2
52,88,26671,1
61,88,66117,1
45,88,72086,1
26,88,1252593,1
28,88,1443129,1
40,88,1572490,2
45,88,1787055,1
40,88,1887438,1
91,88,4377799,1
43,89,10912,1
5,89,19219,1
52,89,32571,1
22,89,50848,1
3,89,58258,1
11,89,74258,1
39,89,81389,1
51,89,96192,1
47,89,108136,1
34,89,108136,1
36,89,114711,1
2,89,158336,1
3,89,177506,2
8,89,210823,1
41,89,383839,1
21,89,582085,1
10,89,641770,1
16,89,746898,1
13,89,803212,1
32,89,889098,1
48,89,889379,1
45,89,946388,1
47,89,1002034,1
21,89,1020931,1
49,89,1066098,1
29,89,1307205,1
27,89,1466582,1
32,89,1475534,1
32,89,1525005,1
61,89,1566967,1
56,89,1583375,1
43,89,1949461,1
55,89,2027357,1
63,89,2353377,1
53,89,2383273,1
55,89,2611191,1
67,89,2736112,1
82,89,2801457,1
66,89,3134243,1
77,89,3256449,1
68,89,3303986,1
89,89,3787421,1
80,89,3849326,1
91,89,3856576,1
46,90,32571,1
10,90,86337,1
5,90,86337,1
2,90,96824,1
6,90,96824,1
4,90,96824,2
2,90,255034,3
7,90,282418,1
4,90,335891,1
55,90,515146,1
10,90,654306,1
14,90,736043,1
63,90,1120660,1
33,90,1401244,1
62,90,1909879,1
57,90,2230894,1
70,90,3016813,1
67,90,3072255,1
73,90,3349471,1
81,90,3896411,1
9,91,81529,1
21,91,168006,1
9,91,202918,1
2,91,269322,1
8,91,332897,1
53,91,528037,1
10,91,629033,1
12,91,690459,2
29,91,882327,2
29,91,897445,1
36,91,1405653,1
30,91,1463085,1
53,91,2498296,1
68,91,3011792,1
71,91,3415457,1
13,92,2314,1
1,92,4536,1
4,92,11470,1
28,92,15642,1
8,92,15761,4
22,92,15761,2
9,92,15761,2
37,92,15761,1
25,92,15761,1
23,92,15761,1
30,92,15761,2
28,92,15761,1
13,92,15761,1
41,92,15761,1
35,92,15761,1
29,92,15761,1
1,92,15761,1
20,92,15761,1
5,92,21851,1
27,92,21852,1
24,92,21852,4
23,92,21852,1
2,92,24864,1
21,92,24864,1
33,92,24866,1
34,92,24866,1
30,92,24867,1
20,92,24867,1
43,92,24867,2
8,92,24867,2
7,92,24867,1
9,92,24867,2
3,92,24867,1
80,92,29606,1
84,92,32384,1
3,92,33194,1
80,92,34649,1
41,92,37605,1
6,92,49309,1
29,92,51427,1
34,92,51438,2
18,92,54150,1
6,92,92736,1
7,92,108125,1
11,92,108133,1
41,92,112971,1
8,92,125308,1
1,92,128331,1
1,92,135978,1
1,92,194906,1
33,92,223719,1
5,92,307564,1
5,92,416289,1
7,92,416799,1
13,92,422616,1
22,92,540615,1
13,92,540698,1
13,92,541008,2
9,92,563265,1
36,92,577196,1
14,92,620303,1
45,92,640995,1
17,92,710024,1
42,92,725592,1
17,92,789729,1
27,92,1037290,1
75,92,1037290,1
26,92,1037290,1
28,92,1040048,1
40,92,1141120,1
31,92,1184952,1
34,92,1240582,1
36,92,1240582,1
23,92,1240582,1
26,92,1351835,1
39,92,1362136,1
43,92,1386236,1
32,92,1516323,1
31,92,1516323,1
34,92,1516323,2
36,92,1516323,1
33,92,1516323,1
29,92,1516323,1
35,92,1516323,1
30,92,1523708,1
32,92,1571537,1
62,92,1583375,1
32,92,1680858,1
76,92,1681016,1
41,92,1886506,1
43,92,1979949,2
87,92,1981328,1
89,92,1983645,1
70,92,1983646,1
43,92,2013554,1
62,92,2020531,1
50,92,2059903,1
57,92,2185085,1
51,92,2218275,1
47,92,2253968,1
56,92,2308955,2
63,92,2761617,1
63,92,2803344,1
64,92,2825309,1
71,92,2851531,1
60,92,2863116,1
61,92,2899831,1
63,92,2937041,1
64,92,2956427,1
64,92,2960561,1
81,92,3003236,1
62,92,3038094,1
71,92,3189250,1
69,92,3378928,1
76,92,3481899,1
75,92,3484331,1
76,92,3555012,1
78,92,3555012,1
78,92,3654599,1
78,92,3740998,1
80,92,3749169,1
87,92,4065967,1
50,93,24333,1
41,93,24687,1
77,93,49891,1
50,93,50244,1
77,93,51508,1
47,93,64667,1
65,93,64667,1
48,93,64667,1
68,93,72773,1
77,93,157127,1
15,93,433126,1
44,93,759812,1
48,93,1134071,1
38,93,1371132,1
47,93,1390120,1
57,93,1742192,1
61,93,2242380,1
61,93,2490923,1
84,93,2494108,1
85,93,2494108,1
60,93,2499093,2
62,93,2516876,1
66,93,2516876,1
59,93,2772620,1
70,93,2785305,1
68,93,2799737,1
67,93,2808726,1
68,93,2851107,1
69,93,3009189,1
68,93,3055049,1
67,93,3056943,1
79,93,3203408,1
69,93,3329974,2
79,93,3515449,1
77,93,3534731,1
81,93,3872503,1
85,93,4086109,1
91,93,4404509,1
91,93,4422022,1
42,94,37298,1
77,94,37298,1
22,94,66766,1
10,94,127109,1
78,94,421447,1
78,94,430586,3
79,94,1116981,1
78,94,1145367,1
78,94,1147498,1
78,94,1299261,1
26,94,1363622,1
54,94,2410080,1
89,94,2639577,1
84,94,2878871,1
89,94,2878871,1
85,94,2937658,1
87,94,2947376,1
78,94,2997877,1
89,94,3240215,1
85,94,3240215,1
78,94,3261595,1
79,94,3298115,1
88,94,3305866,1
78,94,3306873,1
89,94,3377655,1
78,94,3402864,1
78,94,3433017,1
83,94,3502724,1
78,94,3526110,1
83,94,3527077,1
78,94,3527816,1
78,94,3548805,3
79,94,3548805,1
78,94,3580263,1
78,94,3590489,2
78,94,3596850,1
78,94,3661229,1
78,94,3666088,1
89,94,3692590,1
78,94,3716439,1
78,94,3793660,1
89,94,3831527,1
87,94,3851260,1
84,94,3856368,1
85,94,3859029,1
89,94,3934184,1
89,94,3963713,1
85,94,3971869,1
85,94,4013730,1
85,94,4023532,1
84,94,4023790,2
82,94,4033731,1
88,94,4037325,1
87,94,4050930,1
85,94,4054696,1
86,94,4148611,1
87,94,4165573,1
87,94,4206579,1
89,94,4291385,1
89,94,4291893,1
89,94,4324505,1
15,95,7400,1
17,95,13411,1
9,95,14197,1
71,95,53636,1
5,95,112152,1
11,95,122388,1
14,95,122388,1
9,95,146787,1
15,95,178995,1
5,95,245056,1
14,95,262543,1
38,95,560236,1
9,95,586466,1
18,95,587785,1
18,95,625529,1
29,95,626328,1
38,95,709564,1
31,95,1306395,1
32,95,1485577,1
66,95,2361415,1
11,96,18263,1
15,96,22850,1
30,96,45360,1
40,96,46685,1
9,96,76500,1
81,96,77257,1
37,96,79575,1
74,96,80038,1
52,96,80038,1
43,96,91582,1
66,96,91582,1
6,96,92098,1
14,96,103346,1
3,96,120599,1
5,96,121901,1
82,96,159312,1
5,96,226837,1
4,96,270745,1
40,96,304118,1
36,96,304118,1
3,96,317786,1
17,96,363020,1
63,96,430586,1
8,96,548859,1
12,96,746576,1
15,96,766519,1
19,96,791040,1
30,96,987685,1
20,96,1072798,1
24,96,1234158,1
28,96,1428472,1
36,96,1456754,1
32,96,1621324,1
38,96,1659027,1
39,96,1662565,1
40,96,1662565,1
42,96,1662670,1
33,96,1705570,1
59,96,1881657,1
41,96,1968225,1
50,96,1973427,1
73,96,2028470,1
50,96,2089329,1
74,96,2263678,1
66,96,2343100,1
78,96,2569455,1
86,96,2615511,1
54,96,2631381,1
59,96,2705042,1
74,96,2768489,1
87,96,2777463,1
63,96,2848316,1
73,96,2854673,1
61,96,2907622,1
64,96,2958444,1
64,96,2967431,1
64,96,2980164,1
64,96,2984741,1
71,96,3012723,1
76,96,3032431,1
66,96,3136704,1
75,96,3138510,1
86,96,3170804,1
73,96,3171388,1
76,96,3222934,2
82,96,3251622,2
74,96,3486657,1
73,96,3487091,1
75,96,3617414,1
78,96,3644228,1
86,96,3660940,1
79,96,3796716,1
88,96,3862214,1
82,96,3919207,2
11,97,2071,1
66,97,5117,1
67,97,6831,1
8,97,9904,1
56,97,12838,1
9,97,12838,1
91,97,12838,1
82,97,15467,1
35,97,15953,1
63,97,16470,1
8,97,31279,1
84,97,37298,1
76,97,39906,1
12,97,40027,1
33,97,47512,1
24,97,47512,1
9,97,48879,1
69,97,50485,1
33,97,57976,1
34,97,57976,1
31,97,59808,1
39,97,63272,1
52,97,69592,1
55,97,82891,1
78,97,96310,1
16,97,133060,1
43,97,133060,1
10,97,146787,2
31,97,146787,1
43,97,168186,1
80,97,168570,1
87,97,168570,2
84,97,168570,1
86,97,168570,1
11,97,169245,1
70,97,182928,1
43,97,274916,1
30,97,355069,1
38,97,394007,1
14,97,446827,1
29,97,477063,1
8,97,525935,1
22,97,550021,1
11,97,554698,1
72,97,599699,1
63,97,599699,2
26,97,618634,1
10,97,628516,1
26,97,636899,1
75,97,636899,1
52,97,640995,1
13,97,671428,1
12,97,706483,1
12,97,716537,1
13,97,749133,1
14,97,752860,1
38,97,944877,1
81,97,1150677,1
27,97,1215795,1
35,97,1251212,1
26,97,1252062,1
85,97,1329083,1
42,97,1394359,1
40,97,1394359,1
70,97,1471925,1
41,97,1473500,1
33,97,1473500,1
30,97,1482156,1
31,97,1501635,1
37,97,1574731,1
38,97,1611310,1
37,97,1629662,1
38,97,1634872,1
73,97,1662670,1
35,97,1668098,1
36,97,1686641,1
35,97,1687281,1
34,97,1687783,1
61,97,1736232,1
40,97,1762422,1
39,97,1787524,1
40,97,1836220,1
39,97,1855345,1
41,97,1920006,1
73,97,1959498,1
43,97,1965989,1
42,97,1970526,1
46,97,2058872,1
72,97,2100129,1
45,97,2122965,1
78,97,2148660,1
52,97,2149748,1
60,97,2163375,1
72,97,2163375,1
64,97,2163375,1
50,97,2169565,1
50,97,2227797,2
55,97,2289557,1
82,97,2298630,1
54,97,2334278,1
49,97,2376241,2
85,97,2393437,1
54,97,2497153,1
73,97,2500679,1
63,97,2501649,1
54,97,2518188,1
55,97,2540323,2
56,97,2546264,1
54,97,2548898,1
72,97,2804198,1
64,97,2892593,1
74,97,2897982,1
63,97,2927855,1
88,97,2966538,1
62,97,2980913,1
64,97,3083251,1
64,97,3088380,1
72,97,3135943,1
68,97,3189638,1
72,97,3263739,1
79,97,3267184,1
85,97,3280170,1
69,97,3304403,1
71,97,3319579,1
71,97,3457257,1
72,97,3460830,1
77,97,3464419,1
72,97,3480550,1
76,97,3508003,1
78,97,3524324,1
76,97,3539816,1
77,97,3586993,1
78,97,3597904,1
78,97,3642298,1
79,97,3665966,1
78,97,3665966,1
81,97,3683031,1
85,97,3696365,1
88,97,3745209,1
77,97,3752910,1
78,97,3777111,1
79,97,3821697,1
85,97,3849310,1
81,97,3858825,1
81,97,3877668,1
87,97,3881020,1
82,97,3944848,1
86,97,3997730,1
86,97,4002206,1
84,97,4081812,1
86,97,4178123,1
91,97,4410659,2
91,97,4414716,1
19,98,11526,1
18,98,42830,1
70,98,47512,1
60,98,47569,1
10,98,173448,1
18,98,187448,1
5,98,362344,1
24,98,430299,2
18,98,696896,1
63,98,1779097,1
46,98,2228265,1
54,98,2554038,1
65,98,2773130,1
60,98,2807564,1
82,98,3386111,1
88,98,4204159,1
91,98,4321223,1
21,99,3927,1
1,99,9279,1
1,99,15048,1
31,99,24333,1
49,99,38201,1
1,99,63440,1
2,99,81234,1
12,99,93928,1
6,99,94024,1
9,99,94024,1
10,99,108745,1
7,99,119718,1
29,99,142680,1
3,99,142719,1
1,99,142782,1
42,99,153653,1
42,99,161121,1
4,99,196062,1
1,99,213021,1
65,99,230303,1
15,99,242777,1
9,99,303782,1
17,99,398735,2
8,99,441462,1
56,99,441518,1
9,99,466172,1
7,99,548329,1
17,99,562802,1
15,99,563408,1
34,99,873818,1
36,99,945937,2
50,99,1104365,1
80,99,1143149,1
40,99,1309891,1
33,99,1337100,1
46,99,1366494,1
58,99,1401178,1
60,99,1403674,1
26,99,1416330,1
31,99,1483678,1
37,99,1540530,1
88,99,1544592,1
43,99,1626899,1
31,99,1662256,1
39,99,1695685,1
34,99,1704380,1
46,99,1782609,1
39,99,1877278,1
43,99,1897484,1
40,99,1934638,1
73,99,2027356,1
75,99,2027356,1
64,99,2027357,1
48,99,2027357,1
45,99,2027357,1
63,99,2027357,1
46,99,2059891,1
63,99,2134387,1
46,99,2183068,1
51,99,2192811,1
46,99,2211664,1
66,99,2227216,2
57,99,2227216,1
49,99,2265538,1
56,99,2273978,1
71,99,2288187,1
49,99,2310182,1
56,99,2325978,1
53,99,2356085,1
60,99,2356085,1
57,99,2547444,1
57,99,2569753,1
60,99,2581914,1
57,99,2614324,1
79,99,2620131,1
78,99,2620131,1
57,99,2623707,1
57,99,2715094,1
63,99,2839827,1
63,99,2839829,1
62,99,2918640,1
74,99,2966435,2
68,99,2997194,1
63,99,3062242,1
69,99,3148941,1
73,99,3346980,1
79,99,3629285,1
77,99,3640713,1
83,99,3768179,1
77,99,3777983,1
82,99,3914483,1
83,99,3914779,1
83,99,4049499,1
72,100,1852,1
5,100,69319,1
42,100,69339,1
66,100,82261,2
48,100,91934,2
45,100,91935,1
53,100,112831,1
10,100,203686,1
31,100,342087,1
5,100,417690,1
46,100,459150,1
61,100,654508,1
23,100,882344,1
40,100,882344,1
23,100,1130294,1
29,100,1357926,1
25,100,1363755,1
26,100,1395359,1
41,100,1407202,1
31,100,1624389,1
35,100,1671327,1
40,100,1881449,1
42,100,2037496,1
50,100,2189107,1
90,100,2215670,2
73,100,2370176,1
60,100,2504224,1
84,100,2573071,1
90,100,2844004,1
73,100,2844004,1
66,100,3074482,1
64,100,3084307,1
67,100,3096193,1
80,100,3263932,1
80,100,3333445,2
77,100,3447833,1
79,100,3731363,1
84,100,4089042,1
84,100,4097183,2
